-14972,314,6,-1,-1,,,,,,
-15250,-187,5,-2,-2,,,,,,
-14861,-125,4,-4,-5,,,,,,
-15138,510,3,-5,-9,,,,,,
-14861,473,2,-7,-13,,,,,,
-15361,44,3,-3,0,,,,,,
-15250,-420,4,1,1,,,,,,
-15138,111,5,1,1,,,,,,
-15138,-686,6,1,1,,,,,,
-14972,284,5,-1,-1,,,,,,
-14861,409,4,-2,-3,,,,,,
-15138,-473,5,0,1,,,,,,
-15250,-159,4,-1,-1,,,,,,
-14972,-74,5,0,0,,,,,,
-14972,-520,6,1,1,,,,,,
-11541,9156,5,-1,-1,,,,,,
-4291,19833,4,-2,-2,,,,,,
6734,50239,3,-3,-2,,,,,,
17507,66723,2,-3,-1,,,,,,
17507,68570,1,-4,-2,,,,,,
20371,75561,0,-6,-6,,,,,,
22750,79523,-2,-9,-13,,,,,,
25083,80092,-4,-13,-22,,,,,,
27689,83577,-7,-15,-28,,,,,,
30371,87130,-10,-21,-42,,,,,,
33234,93155,-14,-32,-64,,,,,,
35234,93438,-17,-36,-77,,,,,,
37689,97808,-20,-47,-97,,,,,,
40007,99459,-22,-50,-106,,,,,,
41955,101576,-24,-55,-114,,,,,,
44416,100648,-27,-58,-119,,,,,,
46098,101822,-29,-62,-123,,,,,,
48553,105191,-31,-65,-127,,,,,,
50532,104896,-32,-65,-130,,,,,,
52493,107121,-34,-68,-125,,,,,,
53608,105650,-36,-69,-123,,,,,,
55962,107478,-37,-70,-119,,,,,,
57416,108606,-39,-71,-117,,,,,,
59507,108558,-40,-71,-112,,,,,,
61500,110294,-42,-72,-108,,,,,,
64166,109978,-44,-73,-105,,,,,,
64875,108582,-46,-73,-104,,,,,,
66625,109130,-48,-76,-103,,,,,,
68416,109308,-50,-78,-103,,,,,,
69875,108230,-52,-80,-102,,,,,,
71000,105927,-54,-79,-99,,,,,,
72416,104776,-56,-82,-99,,,,,,
73833,104084,-58,-82,-99,,,,,,
75041,102984,-59,-84,-95,,,,,,
76185,102621,-60,-84,-92,,,,,,
77224,100706,-61,-82,-85,,,,,,
77878,98063,-62,-81,-77,,,,,,
82875,58858,-61,-37,46,,,,,,
82666,55578,-60,-33,52,,,,,,
82458,53207,-59,-29,60,,,,,,
81958,49536,-58,-25,68,,,,,,
81041,43402,-57,-18,83,,,,,,
79955,37097,-58,-15,85,,,,,,
79032,32394,-57,-14,84,,,,,,
76185,19399,-56,-8,81,,,,,,
73916,11706,-55,-4,84,,,,,,
71708,7908,-54,-1,87,,,,,,
71708,6067,-53,1,88,,,,,,
71291,1832,-51,4,91,,,,,,
69333,-1359,-49,8,97,,,,,,
67916,-4303,-48,12,103,,,,,,
66208,-8274,-46,15,108,,,,,,
65500,-13168,-44,19,113,,,,,,
63750,-14214,-42,23,117,,,,,,
62333,-17850,-40,27,123,,,,,,
59053,-23122,-39,30,126,,,,,,
57416,-26925,-37,33,128,,,,,,
57416,-30321,-36,34,127,,,,,,
55224,-32084,-35,36,126,,,,,,
54185,-37219,-34,36,121,,,,,,
52108,-38609,-33,37,118,,,,,,
50993,-41392,-32,37,115,,,,,,
49553,-41633,-31,38,110,,,,,,
47643,-47322,-29,40,108,,,,,,
45339,-50125,-28,41,107,,,,,,
43916,-51181,-26,41,105,,,,,,
41878,-55791,-24,46,109,,,,,,
40234,-58439,-22,49,110,,,,,,
38598,-60896,-20,52,113,,,,,,
36371,-64010,-18,55,117,,,,,,
34143,-67563,-16,57,117,,,,,,
31598,-69768,-14,59,117,,,,,,
28280,-72584,-13,61,118,,,,,,
28280,-73781,-11,62,115,,,,,,
26280,-76144,-9,63,113,,,,,,
24458,-77747,-7,66,114,,,,,,
22625,-79548,-5,67,113,,,,,,
20583,-81418,-4,69,112,,,,,,
18734,-83178,-2,70,110,,,,,,
16598,-82979,0,71,107,,,,,,
11189,-88199,2,71,99,,,,,,
11189,-89610,4,71,93,,,,,,
8962,-90334,5,72,90,,,,,,
7189,-93032,6,72,88,,,,,,
805,-93068,9,64,58,,,,,,
-1125,-96851,11,68,59,,,,,,
-4166,-97965,12,70,60,,,,,,
-4166,-99296,14,71,62,,,,,,
-6533,-99837,16,72,62,,,,,,
-7883,-100736,18,75,65,,,,,,
-9483,-100060,20,76,66,,,,,,
-11000,-100630,21,77,65,,,,,,
-12958,-100744,23,78,65,,,,,,
-14694,-100861,25,78,62,,,,,,
-15916,-100816,26,79,61,,,,,,
-17694,-98935,27,77,58,,,,,,
-19719,-101328,28,77,53,,,,,,
-20901,-99881,29,76,48,,,,,,
-22356,-100907,30,75,42,,,,,,
-24037,-100439,31,74,36,,,,,,
-25183,-99516,32,73,31,,,,,,
-26183,-97065,33,71,26,,,,,,
-28233,-98072,34,71,22,,,,,,
-29083,-97582,35,70,18,,,,,,
-30083,-94754,36,70,15,,,,,,
-31533,-94215,37,68,10,,,,,,
-34333,-93683,38,65,1,,,,,,
-35356,-90220,39,62,-8,,,,,,
-37037,-87117,40,59,-16,,,,,,
-38719,-83131,41,55,-23,,,,,,
-43983,-56403,40,26,-69,,,,,,
-43983,-53996,39,22,-74,,,,,,
-43733,-51084,38,18,-81,,,,,,
-43233,-45753,39,14,-88,,,,,,
-43483,-43924,41,14,-86,,,,,,
-42133,-35080,39,14,-68,,,,,,
-42033,-32951,37,10,-76,,,,,,
-42133,-30476,35,3,-89,,,,,,
-41183,-28134,34,-1,-100,,,,,,
-40833,-25188,32,-6,-106,,,,,,
-39933,-21271,31,-10,-110,,,,,,
-36492,-7169,30,-8,-78,,,,,,
-35946,-6319,29,-9,-76,,,,,,
-34719,-1232,28,-11,-74,,,,,,
-33983,166,27,-11,-71,,,,,,
-32983,3326,25,-14,-73,,,,,,
-31683,5005,24,-16,-76,,,,,,
-31433,5902,23,-18,-80,,,,,,
-30333,8653,22,-19,-80,,,,,,
-29733,9651,21,-21,-81,,,,,,
-28833,10917,20,-22,-78,,,,,,
-26683,14284,19,-24,-79,,,,,,
-26683,16286,18,-25,-79,,,,,,
-25583,18162,17,-26,-78,,,,,,
-23356,21694,16,-26,-72,,,,,,
-22037,24204,15,-26,-64,,,,,,
-21128,25183,14,-25,-60,,,,,,
-18638,30791,13,-26,-55,,,,,,
-17416,32499,12,-26,-52,,,,,,
-16472,33058,11,-26,-50,,,,,,
-15250,34750,10,-28,-52,,,,,,
-14375,36130,8,-31,-54,,,,,,
-13250,38482,7,-32,-55,,,,,,
-12125,38720,5,-35,-59,,,,,,
-11416,40544,3,-38,-64,,,,,,
-10291,40840,2,-40,-67,,,,,,
-9583,42403,1,-41,-67,,,,,,
-7983,42213,0,-40,-64,,,,,,
-4933,46499,-1,-39,-52,,,,,,
-2458,47621,-2,-35,-35,,,,,,
-499,47760,-3,-34,-27,,,,,,
1472,50217,-4,-33,-20,,,,,,
3361,51333,-5,-32,-14,,,,,,
4750,50680,-6,-32,-13,,,,,,
6098,53294,-7,-33,-14,,,,,,
8053,53944,-8,-34,-16,,,,,,
8053,53324,-9,-34,-15,,,,,,
9734,53172,-10,-34,-14,,,,,,
10189,53988,-11,-34,-13,,,,,,
11507,52871,-12,-34,-11,,,,,,
13416,52131,-13,-33,-6,,,,,,
14825,51023,-14,-32,-2,,,,,,
16189,50302,-15,-30,2,,,,,,
17734,51043,-16,-30,2,,,,,,
17962,49566,-17,-30,2,,,,,,
19280,48068,-18,-30,1,,,,,,
20371,47085,-19,-30,1,,,,,,
21500,45016,-20,-28,3,,,,,,
22541,41794,-21,-25,8,,,,,,
23250,38436,-22,-24,10,,,,,,
23833,33683,-21,-19,16,,,,,,
24375,30136,-22,-15,26,,,,,,
23958,24719,-21,-12,26,,,,,,
22416,15227,-20,-4,34,,,,,,
20583,4727,-19,1,31,,,,,,
17962,-2838,-18,0,22,,,,,,
16598,-5473,-17,2,22,,,,,,
14825,-9629,-16,2,18,,,,,,
14507,-10261,-15,3,18,,,,,,
13507,-11949,-14,5,21,,,,,,
12643,-13502,-13,7,26,,,,,,
12189,-14701,-12,9,29,,,,,,
11416,-15345,-11,11,33,,,,,,
10416,-16505,-10,12,35,,,,,,
10416,-16765,-8,15,39,,,,,,
10053,-17989,-7,17,44,,,,,,
9280,-18208,-6,20,48,,,,,,
9053,-19037,-5,21,51,,,,,,
8507,-19369,-4,22,50,,,,,,
7871,-20744,-3,24,53,,,,,,
6871,-21530,-2,25,52,,,,,,
5507,-23138,-1,25,49,,,,,,
3916,-25859,0,23,38,,,,,,
-208,-29864,1,18,14,,,,,,
-1541,-30249,2,19,13,,,,,,
-2458,-29933,3,19,11,,,,,,
-2875,-30677,4,19,11,,,,,,
-4166,-30777,5,21,13,,,,,,
-4833,-31255,6,21,13,,,,,,
-5433,-30618,7,21,11,,,,,,
-6883,-31099,8,21,8,,,,,,
-7533,-30936,9,21,7,,,,,,
-7983,-30605,10,21,7,,,,,,
-9083,-31279,11,22,7,,,,,,
-9791,-30632,12,22,5,,,,,,
-11125,-27924,11,17,-5,,,,,,
-11333,-25958,12,13,-17,,,,,,
-11416,-24976,13,14,-14,,,,,,
-12541,-23917,12,12,-12,,,,,,
-12541,-23288,11,9,-18,,,,,,
-12625,-22815,10,6,-24,,,,,,
-11416,-5534,9,-1,-11,,,,,,
-10208,-29,8,-1,-3,,,,,,
-9233,2323,7,-1,-2,,,,,,
-9083,1951,6,-1,-1,,,,,,
-8733,3143,5,-1,0,,,,,,
-7983,3992,4,-2,-1,,,,,,
-7633,5159,3,-3,-4,,,,,,
-6883,6138,2,-3,-1,,,,,,
-3875,8181,1,-1,-1,,,,,,
-2958,4913,0,-1,-1,,,,,,
-2875,4025,1,0,0,,,,,,
18598,48352,0,-1,-1,,,,,,
26143,66581,-1,-1,0,,,,,,
28689,70260,-2,-2,-2,,,,,,
31053,74723,-4,-5,-7,,,,,,
34053,78614,-6,-8,-14,,,,,,
36462,82849,-9,-14,-26,,,,,,
39462,85575,-11,-19,-40,,,,,,
41108,88692,-15,-26,-54,,,,,,
43378,90119,-18,-33,-71,,,,,,
45262,93406,-21,-40,-84,,,,,,
48553,95001,-24,-45,-97,,,,,,
50189,97684,-27,-51,-107,,,,,,
52416,96590,-30,-53,-120,,,,,,
54185,100605,-32,-61,-126,,,,,,
56507,102024,-34,-64,-130,,,,,,
58962,103792,-36,-67,-133,,,,,,
60791,103028,-37,-68,-132,,,,,,
62958,106111,-39,-69,-128,,,,,,
65083,106679,-40,-69,-124,,,,,,
66416,107419,-42,-71,-122,,,,,,
68333,107819,-44,-72,-119,,,,,,
70458,108336,-45,-73,-115,,,,,,
71875,109182,-47,-74,-113,,,,,,
74250,108728,-50,-76,-112,,,,,,
77032,108948,-52,-78,-115,,,,,,
78070,107734,-54,-81,-114,,,,,,
78070,107393,-57,-83,-116,,,,,,
79493,106436,-59,-85,-119,,,,,,
81124,105929,-61,-88,-119,,,,,,
82249,105363,-63,-89,-117,,,,,,
83791,104783,-64,-90,-114,,,,,,
85416,103091,-65,-88,-107,,,,,,
87345,100344,-66,-85,-88,,,,,,
87845,98095,-65,-80,-75,,,,,,
89952,91392,-66,-70,-33,,,,,,
92262,63881,-65,-41,40,,,,,,
90202,46606,-64,-29,60,,,,,,
89702,44446,-63,-27,63,,,,,,
89345,40566,-62,-21,73,,,,,,
88809,37573,-61,-17,80,,,,,,
88202,34017,-60,-13,87,,,,,,
87238,30747,-59,-10,92,,,,,,
85773,24252,-58,-5,99,,,,,,
83666,17090,-57,-1,101,,,,,,
80416,6708,-56,1,94,,,,,,
79762,2929,-55,2,92,,,,,,
77993,-417,-54,4,91,,,,,,
76570,-3680,-53,6,92,,,,,,
74458,-6912,-52,8,93,,,,,,
72083,-10948,-50,11,96,,,,,,
72083,-15433,-48,15,101,,,,,,
70583,-19595,-46,19,106,,,,,,
68833,-23168,-44,23,112,,,,,,
67208,-26584,-42,27,118,,,,,,
65875,-29945,-40,31,123,,,,,,
62250,-32944,-38,34,127,,,,,,
62250,-34640,-36,36,128,,,,,,
58825,-39851,-35,40,131,,,,,,
58825,-43684,-33,43,133,,,,,,
56416,-46758,-32,44,131,,,,,,
54378,-48444,-30,46,128,,,,,,
52493,-51322,-29,47,126,,,,,,
51185,-55299,-28,48,123,,,,,,
49325,-57459,-26,49,120,,,,,,
47553,-60999,-25,50,117,,,,,,
44762,-64055,-23,52,116,,,,,,
42801,-65278,-22,52,112,,,,,,
41032,-69145,-20,55,112,,,,,,
39234,-69280,-19,55,110,,,,,,
36916,-74080,-17,57,107,,,,,,
34825,-77625,-15,58,106,,,,,,
32053,-79673,-14,60,105,,,,,,
30371,-82725,-12,61,104,,,,,,
28371,-84443,-10,62,101,,,,,,
23666,-86162,-8,64,104,,,,,,
23666,-88493,-6,66,105,,,,,,
21708,-90813,-4,68,104,,,,,,
17962,-92299,-2,71,105,,,,,,
17962,-94399,0,72,104,,,,,,
15280,-95090,1,73,104,,,,,,
13643,-97956,4,75,103,,,,,,
11053,-96753,6,77,103,,,,,,
9507,-100129,8,80,109,,,,,,
7507,-100536,10,81,105,,,,,,
5871,-101887,11,82,103,,,,,,
3805,-100734,13,83,102,,,,,,
1083,-104688,15,83,97,,,,,,
-499,-105676,16,84,95,,,,,,
-2333,-106069,17,83,90,,,,,,
-4166,-106851,19,83,85,,,,,,
-5933,-107337,20,83,81,,,,,,
-7783,-108079,21,83,77,,,,,,
-9791,-106894,22,82,71,,,,,,
-11541,-108981,23,81,65,,,,,,
-13166,-108218,24,80,59,,,,,,
-14083,-108093,25,79,53,,,,,,
-16083,-108130,27,79,48,,,,,,
-18249,-109553,28,78,45,,,,,,
-20492,-109940,29,78,41,,,,,,
-21901,-109652,30,77,38,,,,,,
-23128,-108619,31,76,33,,,,,,
-24492,-108131,33,76,29,,,,,,
-26533,-107911,34,76,28,,,,,,
-28133,-107544,35,76,26,,,,,,
-29233,-106567,36,75,23,,,,,,
-30683,-105633,38,75,20,,,,,,
-32133,-104758,39,75,19,,,,,,
-33233,-103796,40,75,18,,,,,,
-34719,-101615,41,74,16,,,,,,
-36583,-99627,42,71,6,,,,,,
-38265,-95960,43,67,-6,,,,,,
-46719,-59545,44,28,-70,,,,,,
-46356,-56992,43,26,-70,,,,,,
-46128,-51781,42,21,-74,,,,,,
-46492,-49553,41,18,-80,,,,,,
-45719,-46172,39,13,-87,,,,,,
-45356,-42994,38,8,-97,,,,,,
-45356,-38956,37,2,-107,,,,,,
-42383,-21097,36,-1,-83,,,,,,
-40833,-16221,35,-2,-77,,,,,,
-40683,-13416,34,-3,-77,,,,,,
-38810,-11280,33,-6,-78,,,,,,
-38810,-8167,32,-7,-80,,,,,,
-38037,-6015,30,-10,-82,,,,,,
-37583,-3776,29,-13,-86,,,,,,
-36810,-2814,28,-15,-89,,,,,,
-34583,1049,26,-18,-92,,,,,,
-34583,2574,25,-20,-93,,,,,,
-33633,5224,24,-23,-96,,,,,,
-33633,6854,23,-24,-96,,,,,,
-32133,8705,22,-25,-93,,,,,,
-30083,13546,21,-25,-88,,,,,,
-29583,15763,20,-25,-82,,,,,,
-27783,18958,19,-25,-77,,,,,,
-25183,22036,18,-25,-69,,,,,,
-24128,24589,17,-25,-66,,,,,,
-22492,28139,16,-26,-61,,,,,,
-21037,29754,15,-26,-59,,,,,,
-20128,32067,14,-27,-57,,,,,,
-18638,33336,12,-29,-59,,,,,,
-16083,36032,11,-31,-61,,,,,,
-16083,37016,9,-33,-65,,,,,,
-13666,39686,8,-35,-67,,,,,,
-12958,40411,6,-38,-70,,,,,,
-12958,40877,5,-38,-71,,,,,,
-11833,41551,3,-40,-70,,,,,,
-11000,42431,2,-41,-71,,,,,,
-8233,44990,1,-44,-72,,,,,,
-8233,45956,0,-44,-72,,,,,,
-3958,49051,-1,-39,-46,,,,,,
-2166,50790,-2,-37,-35,,,,,,
-208,50697,-3,-36,-28,,,,,,
2138,53141,-4,-35,-22,,,,,,
4194,55111,-5,-34,-16,,,,,,
5871,55944,-6,-33,-14,,,,,,
6643,56788,-7,-34,-13,,,,,,
7643,56432,-8,-34,-14,,,,,,
8416,56477,-9,-35,-14,,,,,,
9053,56714,-10,-36,-17,,,,,,
10643,57069,-11,-36,-16,,,,,,
11643,57398,-13,-38,-17,,,,,,
12643,55192,-14,-39,-19,,,,,,
13643,56465,-15,-38,-17,,,,,,
15053,55982,-16,-39,-16,,,,,,
15507,56495,-17,-39,-16,,,,,,
16507,55254,-18,-39,-14,,,,,,
17825,54032,-19,-38,-11,,,,,,
18825,53009,-20,-38,-8,,,,,,
21708,51864,-21,-33,6,,,,,,
23541,46020,-22,-27,17,,,,,,
24958,40358,-23,-22,24,,,,,,
25689,27600,-22,-11,36,,,,,,
22625,10066,-21,0,38,,,,,,
20916,1939,-20,1,29,,,,,,
18734,-3246,-19,1,23,,,,,,
16507,-8697,-18,1,17,,,,,,
14962,-10598,-17,3,18,,,,,,
13962,-11921,-16,3,20,,,,,,
13962,-12783,-15,6,23,,,,,,
13643,-14756,-13,9,30,,,,,,
12825,-15230,-12,11,34,,,,,,
12416,-16163,-10,15,41,,,,,,
12053,-15977,-8,18,48,,,,,,
10734,-17858,-6,20,52,,,,,,
10643,-19837,-5,25,63,,,,,,
9507,-20005,-4,27,64,,,,,,
9053,-20806,-3,28,66,,,,,,
8189,-21625,-2,29,65,,,,,,
3916,-27056,-1,24,39,,,,,,
3805,-28392,0,24,33,,,,,,
0,-32166,1,21,18,,,,,,
-833,-32533,2,21,14,,,,,,
-1958,-32478,3,21,15,,,,,,
-2875,-32831,4,21,13,,,,,,
-3875,-32865,5,21,10,,,,,,
-4166,-32939,6,21,10,,,,,,
-5933,-34057,7,22,10,,,,,,
-6683,-33645,8,22,8,,,,,,
-7783,-33361,9,22,9,,,,,,
-8133,-33572,10,22,8,,,,,,
-9083,-33012,11,22,5,,,,,,
-10083,-32304,12,22,4,,,,,,
-10916,-31647,13,22,2,,,,,,
-11833,-29726,12,18,-3,,,,,,
-12333,-27744,13,13,-18,,,,,,
-12750,-26885,14,15,-12,,,,,,
-13458,-24324,13,12,-14,,,,,,
-13458,-23952,12,9,-20,,,,,,
-13458,-23447,11,6,-26,,,,,,
-13750,-21673,10,1,-37,,,,,,
-12250,-2717,9,-1,-5,,,,,,
-11541,589,8,-1,-1,,,,,,
-10708,1612,7,-1,-1,,,,,,
-10208,2800,6,-2,-3,,,,,,
-10083,3235,5,-2,-1,,,,,,
-9916,3395,4,-2,0,,,,,,
39780,106153,3,-1,-1,,,,,,
39780,115287,2,-2,-3,,,,,,
47871,142620,0,-6,-10,,,,,,
55108,148292,-2,-9,-19,,,,,,
63541,164382,-6,-12,-25,,,,,,
71000,179078,-10,-24,-52,,,,,,
78455,191663,-16,-37,-80,,,,,,
85125,202896,-22,-42,-108,,,,,,
91416,218748,-30,-66,-146,,,,,,
97988,220403,-37,-73,-172,,,,,,
103993,234202,-46,-101,-227,,,,,,
109595,233684,-55,-119,-267,,,,,,
114635,243950,-66,-141,-312,,,,,,
120108,246732,-76,-162,-359,,,,,,
124354,244566,-87,-185,-403,,,,,,
129095,246175,-97,-207,-449,,,,,,
133063,246962,-106,-224,-478,,,,,,
136650,250282,-113,-239,-505,,,,,,
143769,249059,-118,-248,-513,,,,,,
143769,248533,-122,-251,-506,,,,,,
147322,245844,-123,-248,-481,,,,,,
150166,243850,-122,-241,-445,,,,,,
152979,240347,-119,-226,-391,,,,,,
155729,237839,-116,-209,-327,,,,,,
158635,234310,-113,-190,-262,,,,,,
160666,228711,-111,-174,-200,,,,,,
162750,225860,-110,-160,-148,,,,,,
166708,217727,-111,-142,-77,,,,,,
169249,212248,-112,-137,-56,,,,,,
171354,209687,-114,-135,-45,,,,,,
172937,203671,-116,-133,-36,,,,,,
174000,201524,-118,-132,-31,,,,,,
174979,195001,-120,-131,-27,,,,,,
176651,189859,-122,-131,-24,,,,,,
177299,184889,-124,-130,-21,,,,,,
178181,178585,-126,-129,-16,,,,,,
178946,173307,-127,-127,-13,,,,,,
179387,167153,-128,-126,-8,,,,,,
179534,133984,-129,-102,52,,,,,,
178681,121002,-128,-93,69,,,,,,
178593,114480,-126,-86,80,,,,,,
177887,108446,-123,-77,99,,,,,,
177151,101714,-119,-64,124,,,,,,
176651,96594,-115,-52,152,,,,,,
175333,87792,-111,-37,187,,,,,,
174208,81329,-108,-25,212,,,,,,
173500,76599,-107,-16,229,,,,,,
172541,69339,-106,-11,238,,,,,,
167750,50626,-107,-6,225,,,,,,
161388,27146,-106,-4,198,,,,,,
159541,22231,-105,-2,194,,,,,,
157697,13804,-102,3,195,,,,,,
155479,6594,-99,8,200,,,,,,
152604,-1093,-95,17,211,,,,,,
149916,-8567,-91,26,226,,,,,,
147166,-15429,-86,36,241,,,,,,
144710,-21985,-82,46,260,,,,,,
142034,-25124,-79,51,268,,,,,,
139249,-31631,-76,60,278,,,,,,
132916,-41520,-74,65,282,,,,,,
132916,-48000,-72,68,277,,,,,,
130238,-50425,-71,69,270,,,,,,
126738,-60400,-70,69,257,,,,,,
116532,-78874,-69,63,211,,,,,,
113354,-81838,-68,61,195,,,,,,
110095,-91007,-67,61,184,,,,,,
106273,-96989,-64,63,179,,,,,,
102570,-102910,-60,67,178,,,,,,
98845,-108407,-56,73,183,,,,,,
94993,-114256,-51,81,195,,,,,,
91147,-119232,-46,89,209,,,,,,
87595,-120600,-41,99,224,,,,,,
83791,-129739,-36,107,237,,,,,,
79378,-131114,-32,115,250,,,,,,
75724,-139998,-29,121,258,,,,,,
72208,-144759,-25,126,261,,,,,,
67916,-149795,-23,128,258,,,,,,
63875,-155134,-20,131,253,,,,,,
60053,-154967,-18,129,244,,,,,,
55416,-163952,-16,132,234,,,,,,
52301,-168065,-14,131,223,,,,,,
47871,-166565,-13,129,208,,,,,,
43916,-174222,-11,128,196,,,,,,
40143,-176660,-8,127,184,,,,,,
36371,-179864,-5,129,177,,,,,,
32371,-182898,-2,131,174,,,,,,
28371,-181900,1,133,171,,,,,,
24375,-188420,5,136,170,,,,,,
16598,-190319,10,140,172,,,,,,
16598,-191397,15,145,180,,,,,,
13734,-193246,19,150,182,,,,,,
9734,-194705,24,157,192,,,,,,
1861,-197455,28,161,196,,,,,,
1861,-198681,31,164,196,,,,,,
-1750,-200211,35,167,195,,,,,,
-5083,-200898,38,168,190,,,,,,
-8383,-201815,41,170,186,,,,,,
-12125,-202357,43,169,179,,,,,,
-15361,-199725,45,168,168,,,,,,
-18916,-203245,47,166,156,,,,,,
-22037,-204273,48,163,140,,,,,,
-25583,-201146,49,159,125,,,,,,
-28133,-203610,50,154,106,,,,,,
-31433,-202471,51,150,89,,,,,,
-34333,-201729,53,146,73,,,,,,
-40083,-200949,55,144,62,,,,,,
-40083,-199955,57,143,54,,,,,,
-42983,-199664,59,142,49,,,,,,
-45719,-195696,61,139,44,,,,,,
-48037,-194171,63,139,38,,,,,,
-50433,-194763,65,138,34,,,,,,
-53233,-192767,67,137,29,,,,,,
-55333,-188823,69,136,24,,,,,,
-58033,-187177,70,134,19,,,,,,
-59916,-186511,71,132,11,,,,,,
-61541,-181467,73,130,4,,,,,,
-64861,-176595,74,123,-12,,,,,,
-66583,-173951,73,117,-24,,,,,,
-68361,-171401,72,112,-37,,,,,,
-71719,-168657,71,103,-55,,,,,,
-73719,-157191,72,88,-94,,,,,,
-78805,-138895,73,70,-117,,,,,,
-82633,-114030,72,51,-132,,,,,,
-82633,-109341,71,47,-137,,,,,,
-82183,-105653,70,41,-145,,,,,,
-83133,-101659,69,38,-150,,,,,,
-82783,-92956,68,29,-160,,,,,,
-83133,-89334,69,26,-161,,,,,,
-80233,-61373,68,18,-141,,,,,,
-79833,-56656,67,15,-141,,,,,,
-78916,-52177,66,11,-145,,,,,,
-77694,-47594,64,6,-151,,,,,,
-77416,-43302,62,1,-156,,,,,,
-76361,-39664,61,-2,-159,,,,,,
-74037,-34523,59,-6,-162,,,,,,
-74037,-31812,57,-8,-164,,,,,,
-73128,-25801,56,-14,-168,,,,,,
-72037,-23644,54,-17,-170,,,,,,
-70037,-13730,53,-21,-165,,,,,,
-68361,-9381,52,-21,-159,,,,,,
-63750,-359,51,-21,-145,,,,,,
-63750,2116,50,-21,-138,,,,,,
-62541,5402,49,-23,-135,,,,,,
-61333,10305,48,-23,-130,,,,,,
-59708,11912,46,-24,-129,,,,,,
-58483,14449,43,-28,-131,,,,,,
-56033,20111,41,-32,-133,,,,,,
-54933,23083,38,-37,-137,,,,,,
-52983,26605,36,-40,-139,,,,,,
-49265,29047,33,-44,-143,,,,,,
-49265,32381,31,-47,-145,,,,,,
-47719,34611,29,-51,-150,,,,,,
-46037,38099,27,-53,-148,,,,,,
-41783,42039,25,-56,-150,,,,,,
-41783,45610,23,-59,-151,,,,,,
-39833,49600,22,-60,-147,,,,,,
-37901,50292,21,-60,-143,,,,,,
-36128,53302,20,-60,-137,,,,,,
-34333,57840,19,-60,-129,,,,,,
-32283,60694,18,-60,-123,,,,,,
-30333,63521,17,-60,-117,,,,,,
-28233,65848,16,-60,-111,,,,,,
-26683,68516,15,-60,-106,,,,,,
-24356,70798,14,-60,-101,,,,,,
-22356,73536,12,-61,-98,,,,,,
-20356,75178,10,-62,-95,,,,,,
-19027,78090,8,-64,-95,,,,,,
-15805,80261,6,-66,-97,,,,,,
-13750,83187,4,-68,-97,,,,,,
-12250,82279,2,-71,-99,,,,,,
-10500,83466,0,-72,-98,,,,,,
-6683,88460,-2,-73,-92,,,,,,
-4500,88155,-4,-73,-89,,,,,,
-2750,91462,-5,-74,-86,,,,,,
-1041,92076,-7,-75,-85,,,,,,
638,93635,-8,-74,-80,,,,,,
3250,96397,-10,-75,-73,,,,,,
6280,97092,-11,-74,-71,,,,,,
7416,99098,-13,-75,-68,,,,,,
9962,97737,-14,-74,-63,,,,,,
10825,99158,-15,-74,-62,,,,,,
12734,99452,-16,-73,-55,,,,,,
15189,100271,-17,-72,-49,,,,,,
16507,99692,-19,-72,-47,,,,,,
17825,100272,-20,-72,-42,,,,,,
19962,100421,-21,-70,-36,,,,,,
22416,99477,-23,-70,-32,,,,,,
23666,100971,-25,-71,-31,,,,,,
25291,99653,-26,-71,-31,,,,,,
28053,99311,-27,-69,-25,,,,,,
29598,99316,-28,-67,-18,,,,,,
30916,97455,-29,-66,-14,,,,,,
32143,96701,-30,-65,-11,,,,,,
35007,97905,-31,-64,-4,,,,,,
36916,96538,-32,-62,2,,,,,,
37825,96733,-33,-62,3,,,,,,
38780,94132,-34,-61,4,,,,,,
39689,93054,-35,-61,4,,,,,,
41570,91692,-36,-61,3,,,,,,
41570,90276,-37,-60,4,,,,,,
42608,88406,-38,-59,6,,,,,,
43647,87412,-39,-60,3,,,,,,
43916,85815,-40,-60,3,,,,,,
44878,83794,-41,-60,2,,,,,,
46416,82163,-42,-60,1,,,,,,
46416,80809,-43,-60,1,,,,,,
47007,79128,-44,-60,1,,,,,,
48780,73504,-43,-53,14,,,,,,
49007,71545,-42,-49,23,,,,,,
47871,38013,-41,-21,65,,,,,,
45147,23463,-40,-12,72,,,,,,
43070,14841,-39,-7,76,,,,,,
41685,9918,-38,-2,80,,,,,,
40455,7591,-37,0,82,,,,,,
40455,4841,-36,2,83,,,,,,
39234,3325,-34,5,86,,,,,,
38371,-709,-33,8,90,,,,,,
37234,-2112,-32,10,93,,,,,,
35916,-6538,-30,13,96,,,,,,
35007,-9448,-29,16,99,,,,,,
33916,-12251,-27,20,104,,,,,,
31598,-14976,-26,22,107,,,,,,
31598,-17681,-24,25,108,,,,,,
28825,-19892,-23,27,110,,,,,,
28825,-21423,-22,28,109,,,,,,
27689,-25715,-21,30,109,,,,,,
25916,-27444,-20,31,106,,,,,,
25507,-28433,-19,32,103,,,,,,
23833,-31867,-18,33,101,,,,,,
22208,-34433,-17,33,97,,,,,,
21416,-35872,-16,34,94,,,,,,
20371,-37033,-14,36,94,,,,,,
19280,-37323,-13,37,93,,,,,,
17734,-40946,-12,39,93,,,,,,
16189,-43333,-10,40,93,,,,,,
14825,-44785,-9,41,91,,,,,,
13734,-45006,-7,44,93,,,,,,
12643,-47782,-6,45,92,,,,,,
10825,-49711,-4,47,92,,,,,,
9280,-51881,-3,48,92,,,,,,
7871,-52912,-1,50,92,,,,,,
7053,-54053,0,51,91,,,,,,
5734,-55345,1,52,90,,,,,,
3916,-55714,2,51,86,,,,,,
1861,-58606,3,52,82,,,,,,
638,-61530,4,52,78,,,,,,
-625,-61999,5,52,74,,,,,,
-1833,-63009,6,52,70,,,,,,
-3249,-63631,7,52,67,,,,,,
-5683,-64833,8,50,56,,,,,,
-6783,-65161,9,49,50,,,,,,
-7783,-65387,10,50,48,,,,,,
-9083,-65928,11,50,47,,,,,,
-10416,-65403,13,49,42,,,,,,
-11416,-66642,14,52,45,,,,,,
-12458,-66338,15,53,45,,,,,,
-13375,-66219,16,52,42,,,,,,
-14458,-66453,17,52,38,,,,,,
-16083,-65697,18,52,37,,,,,,
-17138,-67296,19,52,36,,,,,,
-18249,-66403,20,51,32,,,,,,
-19810,-68512,21,52,31,,,,,,
-20719,-68491,22,52,29,,,,,,
-21492,-67458,23,52,27,,,,,,
-23037,-65288,24,51,22,,,,,,
-25183,-64386,25,48,11,,,,,,
-26283,-63505,26,46,4,,,,,,
-27783,-61722,27,44,-2,,,,,,
-29083,-60996,28,42,-6,,,,,,
-30083,-58068,29,40,-9,,,,,,
-31433,-56478,30,39,-11,,,,,,
-33383,-39016,29,20,-43,,,,,,
-33383,-37648,28,17,-47,,,,,,
-33733,-35422,27,13,-55,,,,,,
-33233,-31633,28,9,-61,,,,,,
-32983,-30183,29,10,-59,,,,,,
-32983,-28398,30,12,-52,,,,,,
-32783,-26756,29,11,-48,,,,,,
-32533,-25229,28,10,-48,,,,,,
-32283,-23107,27,6,-52,,,,,,
-31933,-21449,25,2,-61,,,,,,
-31683,-19555,24,-1,-66,,,,,,
-30433,-16179,23,-4,-71,,,,,,
-28633,-7705,22,-4,-54,,,,,,
-27133,-2653,21,-4,-46,,,,,,
-26183,670,20,-5,-43,,,,,,
-24933,4026,19,-7,-43,,,,,,
-24265,5447,18,-7,-42,,,,,,
-23674,7171,17,-9,-43,,,,,,
-21901,9821,16,-11,-46,,,,,,
-22128,10704,15,-12,-46,,,,,,
-21583,11377,14,-13,-45,,,,,,
-20492,12949,13,-15,-48,,,,,,
-19027,16233,12,-16,-47,,,,,,
-17138,18582,11,-17,-45,,,,,,
-15805,21117,10,-17,-39,,,,,,
-13750,24113,9,-17,-34,,,,,,
-13750,23770,8,-17,-34,,,,,,
-12750,26005,7,-19,-35,,,,,,
-11333,27044,6,-20,-37,,,,,,
-11333,27524,5,-22,-39,,,,,,
-10083,28229,4,-23,-41,,,,,,
-10083,28944,3,-24,-41,,,,,,
-9083,29962,2,-25,-42,,,,,,
-7883,30704,1,-26,-43,,,,,,
-7883,30354,0,-27,-44,,,,,,
-3166,34600,-1,-21,-14,,,,,,
-916,35362,-2,-19,-8,,,,,,
527,35952,-3,-20,-7,,,,,,
1194,36154,-4,-20,-7,,,,,,
2416,36447,-5,-21,-8,,,,,,
3083,37142,-6,-21,-6,,,,,,
4027,37158,-7,-22,-8,,,,,,
5871,37851,-8,-22,-6,,,,,,
7280,37419,-9,-22,-4,,,,,,
8053,36844,-10,-20,0,,,,,,
9962,35569,-11,-19,1,,,,,,
10416,33334,-12,-18,2,,,,,,
11825,31616,-13,-17,4,,,,,,
13053,26792,-14,-13,10,,,,,,
13053,19327,-13,-7,16,,,,,,
9962,3077,-12,1,15,,,,,,
7643,-4069,-11,1,7,,,,,,
6507,-6309,-10,1,3,,,,,,
4583,-9611,-9,1,3,,,,,,
3916,-10955,-8,2,3,,,,,,
2805,-13272,-7,4,6,,,,,,
1472,-14192,-6,4,8,,,,,,
1361,-15826,-4,8,14,,,,,,
638,-15697,-3,10,18,,,,,,
208,-16595,-2,11,21,,,,,,
83,-16830,0,15,29,,,,,,
-625,-16933,1,19,38,,,,,,
-1333,-17676,2,19,37,,,,,,
-1750,-18127,3,21,38,,,,,,
-3041,-17998,2,17,25,,,,,,
-2666,-18132,3,16,19,,,,,,
-3458,-18290,4,16,13,,,,,,
-4166,-18365,5,16,15,,,,,,
-5583,-17065,6,11,-1,,,,,,
-6883,-17182,7,10,-3,,,,,,
-7883,-13567,8,5,-9,,,,,,
-8633,-13242,7,4,-9,,,,,,
-8633,-12198,8,2,-15,,,,,,
-8633,-10355,7,0,-13,,,,,,
-7983,-5685,6,-1,-9,,,,,,
-8133,-5687,5,-2,-10,,,,,,
-7533,-1865,4,-1,-1,,,,,,
-40833,-84949,5,1,1,,,,,,
-51433,-105715,6,3,4,,,,,,
-60625,-114120,8,5,8,,,,,,
-60625,-117450,10,9,16,,,,,,
-64694,-130390,13,15,31,,,,,,
-69946,-131991,17,22,47,,,,,,
-77138,-142250,23,33,73,,,,,,
-77138,-146135,29,45,98,,,,,,
-81433,-151292,36,61,135,,,,,,
-85037,-155663,44,77,172,,,,,,
-88810,-158119,53,96,213,,,,,,
-91683,-160504,61,114,254,,,,,,
-95037,-158541,69,131,288,,,,,,
-98583,-161287,75,139,313,,,,,,
-101433,-162615,80,152,336,,,,,,
-104383,-166141,84,164,351,,,,,,
-107033,-166428,85,165,341,,,,,,
-109483,-165956,86,163,325,,,,,,
-111833,-164975,85,156,297,,,,,,
-118416,-161187,86,135,198,,,,,,
-123983,-155887,87,118,125,,,,,,
-125583,-153627,88,114,106,,,,,,
-127183,-150060,89,112,94,,,,,,
-128383,-148520,90,109,80,,,,,,
-130174,-145651,91,107,71,,,,,,
-131037,-143797,92,104,59,,,,,,
-132946,-139818,93,102,50,,,,,,
-133037,-137101,94,100,42,,,,,,
-134265,-132570,95,98,34,,,,,,
-134983,-129768,96,96,26,,,,,,
-136783,-122241,97,91,9,,,,,,
-136083,-74939,95,52,-77,,,,,,
-135483,-71085,93,45,-89,,,,,,
-134401,-64653,91,37,-107,,,,,,
-134174,-59427,89,29,-125,,,,,,
-133265,-56356,87,22,-139,,,,,,
-132174,-50782,85,17,-153,,,,,,
-131401,-44464,84,9,-163,,,,,,
-128883,-34140,85,5,-165,,,,,,
-124233,-17380,84,3,-145,,,,,,
-122433,-11577,82,0,-145,,,,,,
-119083,-6200,80,-4,-148,,,,,,
-119083,-177,77,-10,-156,,,,,,
-116638,5614,74,-17,-166,,,,,,
-114583,11065,72,-23,-177,,,,,,
-113166,13361,69,-29,-186,,,,,,
-111333,20116,66,-35,-194,,,,,,
-109133,25489,64,-40,-199,,,,,,
-106533,31654,61,-46,-206,,,,,,
-103733,37123,59,-50,-210,,,,,,
-101783,42591,57,-54,-210,,,,,,
-99174,46797,56,-55,-208,,,,,,
-97037,48894,54,-57,-202,,,,,,
-91783,55891,52,-58,-197,,,,,,
-91783,60610,51,-60,-191,,,,,,
-89265,62495,49,-61,-187,,,,,,
-86492,66676,47,-63,-182,,,,,,
-84719,73825,45,-65,-178,,,,,,
-81183,78462,43,-68,-178,,,,,,
-78249,83787,40,-71,-176,,,,,,
-75694,87988,38,-73,-175,,,,,,
-72583,91112,35,-77,-177,,,,,,
-70492,91687,32,-77,-173,,,,,,
-67027,99112,29,-85,-180,,,,,,
-61125,103870,26,-89,-185,,,,,,
-61125,103903,24,-92,-186,,,,,,
-59083,108942,21,-95,-186,,,,,,
-55933,111822,18,-98,-185,,,,,,
-52983,116029,16,-101,-184,,,,,,
-49683,119528,14,-102,-180,,,,,,
-46583,122780,12,-103,-174,,,,,,
-44233,119331,10,-101,-162,,,,,,
-44233,110231,7,-99,-136,,,,,,
-44233,117564,2,-100,-119,,,,,,
-27383,121981,1,-98,-116,,,,,,
-27383,134783,0,-100,-118,,,,,,
-22901,142443,-1,-98,-107,,,,,,
-18249,148625,-2,-97,-96,,,,,,
-15916,148152,-4,-95,-89,,,,,,
-12958,149239,-5,-94,-78,,,,,,
-10416,148839,-7,-95,-77,,,,,,
-7633,151860,-10,-96,-75,,,,,,
-4833,152907,-12,-97,-73,,,,,,
-2250,153571,-15,-100,-77,,,,,,
527,154513,-18,-102,-78,,,,,,
3361,152697,-21,-106,-84,,,,,,
6643,156841,-23,-108,-87,,,,,,
9053,155882,-26,-109,-90,,,,,,
10962,155658,-28,-109,-85,,,,,,
13825,154898,-30,-109,-83,,,,,,
16507,154811,-32,-111,-83,,,,,,
18962,155233,-34,-111,-81,,,,,,
21208,156390,-35,-111,-78,,,,,,
23333,156268,-36,-110,-73,,,,,,
26053,155569,-38,-109,-68,,,,,,
27825,153807,-39,-107,-61,,,,,,
30143,153641,-41,-106,-52,,,,,,
32371,151567,-42,-105,-47,,,,,,
34598,153079,-44,-104,-42,,,,,,
37007,152087,-45,-103,-37,,,,,,
38689,151205,-46,-102,-33,,,,,,
40570,149761,-47,-99,-24,,,,,,
42608,148203,-48,-98,-18,,,,,,
44032,145051,-50,-97,-15,,,,,,
45871,145264,-51,-96,-11,,,,,,
48007,143538,-52,-95,-6,,,,,,
49098,140495,-53,-92,-1,,,,,,
50801,138347,-54,-90,5,,,,,,
52032,137761,-56,-90,7,,,,,,
53724,134330,-57,-89,8,,,,,,
54378,131492,-58,-88,9,,,,,,
55871,128906,-59,-87,10,,,,,,
57053,127484,-60,-86,14,,,,,,
59053,122286,-61,-81,24,,,,,,
62958,111794,-62,-69,48,,,,,,
64458,102237,-61,-60,62,,,,,,
65791,77905,-60,-38,95,,,,,,
65083,70101,-59,-31,104,,,,,,
64375,61807,-58,-25,111,,,,,,
62958,50191,-57,-18,117,,,,,,
60500,34749,-56,-11,112,,,,,,
59416,30858,-55,-8,115,,,,,,
58416,27837,-54,-4,118,,,,,,
56416,21922,-52,0,123,,,,,,
55962,18197,-50,3,126,,,,,,
55507,15920,-48,7,132,,,,,,
53801,12317,-46,11,137,,,,,,
53147,8663,-44,16,143,,,,,,
51916,5957,-42,21,149,,,,,,
51262,2339,-41,24,151,,,,,,
50007,-802,-40,26,152,,,,,,
48553,-4367,-39,27,149,,,,,,
47325,-6164,-38,27,144,,,,,,
45553,-10201,-37,29,140,,,,,,
43916,-14547,-36,30,136,,,,,,
42608,-17536,-35,31,132,,,,,,
41108,-22289,-34,32,128,,,,,,
39780,-23532,-32,34,126,,,,,,
37916,-28273,-30,36,125,,,,,,
36825,-31668,-28,40,128,,,,,,
34825,-34811,-26,43,132,,,,,,
32825,-38826,-24,46,133,,,,,,
29598,-41780,-22,49,136,,,,,,
29598,-44990,-21,51,136,,,,,,
27598,-45303,-19,51,132,,,,,,
25598,-50729,-17,54,132,,,,,,
23958,-53010,-15,57,131,,,,,,
22125,-53383,-14,58,134,,,,,,
20371,-56288,-12,60,129,,,,,,
18734,-58409,-10,61,128,,,,,,
17189,-60063,-9,62,125,,,,,,
15416,-64277,-7,64,122,,,,,,
13280,-65991,-6,64,119,,,,,,
12053,-68683,-4,66,117,,,,,,
9871,-70036,-3,66,114,,,,,,
8280,-72541,-1,68,111,,,,,,
6643,-73710,0,68,108,,,,,,
4750,-75450,1,68,102,,,,,,
2972,-75229,3,68,98,,,,,,
805,-77348,4,68,93,,,,,,
-916,-79062,6,69,90,,,,,,
-2333,-80931,7,68,87,,,,,,
-4166,-81542,9,68,84,,,,,,
-6183,-83195,10,68,80,,,,,,
-7633,-83269,11,70,77,,,,,,
-9483,-86266,13,70,75,,,,,,
-11416,-87028,14,70,70,,,,,,
-12750,-87465,15,70,67,,,,,,
-14166,-87645,17,70,64,,,,,,
-15805,-88483,18,70,60,,,,,,
-17583,-89442,20,71,59,,,,,,
-19583,-90296,22,72,58,,,,,,
-21037,-90763,23,73,58,,,,,,
-22492,-90586,25,74,58,,,,,,
-23810,-89139,26,73,55,,,,,,
-25183,-90446,28,74,52,,,,,,
-26783,-90891,29,74,51,,,,,,
-28383,-90654,30,74,48,,,,,,
-29233,-88941,31,73,45,,,,,,
-30333,-88032,32,72,40,,,,,,
-32383,-89424,33,72,37,,,,,,
-32883,-88110,34,70,32,,,,,,
-34483,-87265,35,69,27,,,,,,
-36356,-85306,36,67,18,,,,,,
-38037,-83717,37,63,4,,,,,,
-40333,-79543,38,56,-12,,,,,,
-42283,-77306,39,53,-19,,,,,,
-43483,-74030,40,51,-23,,,,,,
-45356,-66902,41,43,-37,,,,,,
-46265,-60733,40,37,-44,,,,,,
-46719,-58996,39,33,-52,,,,,,
-46356,-53920,40,28,-62,,,,,,
-46583,-51892,41,28,-61,,,,,,
-46583,-47711,40,26,-58,,,,,,
-46583,-45561,39,23,-61,,,,,,
-45901,-42460,38,19,-68,,,,,,
-45901,-39679,36,14,-77,,,,,,
-45901,-37671,35,9,-87,,,,,,
-45356,-35191,34,5,-94,,,,,,
-42133,-17261,33,-1,-79,,,,,,
-40333,-10228,32,-1,-69,,,,,,
-39583,-8409,31,-1,-65,,,,,,
-38719,-6053,30,-4,-68,,,,,,
-38719,-4943,29,-6,-70,,,,,,
-37901,-3093,27,-7,-71,,,,,,
-37037,-561,26,-12,-79,,,,,,
-36492,1700,25,-15,-81,,,,,,
-34719,3901,23,-17,-84,,,,,,
-33983,5829,22,-19,-85,,,,,,
-33133,8930,21,-21,-86,,,,,,
-32283,11039,20,-20,-79,,,,,,
-27533,19353,19,-19,-61,,,,,,
-26283,23240,18,-19,-53,,,,,,
-24037,27411,17,-19,-48,,,,,,
-22901,29259,16,-19,-47,,,,,,
-22356,30830,15,-21,-47,,,,,,
-20901,31423,13,-23,-50,,,,,,
-20583,33918,12,-25,-52,,,,,,
-18638,33640,10,-28,-57,,,,,,
-17972,37289,8,-31,-63,,,,,,
-16583,36777,7,-33,-66,,,,,,
-14972,39890,5,-34,-68,,,,,,
-12833,41479,4,-37,-71,,,,,,
-12833,43068,3,-39,-73,,,,,,
-12333,42685,2,-39,-71,,,,,,
-11333,42883,1,-39,-69,,,,,,
-6183,48357,0,-36,-46,,,,,,
-2750,50344,-1,-31,-25,,,,,,
-625,51460,-2,-30,-17,,,,,,
0,51627,-3,-30,-17,,,,,,
527,50257,-4,-30,-18,,,,,,
2694,52321,-5,-32,-20,,,,,,
3250,53247,-6,-32,-19,,,,,,
4472,54691,-7,-33,-20,,,,,,
6643,55644,-8,-34,-21,,,,,,
7416,55811,-9,-35,-22,,,,,,
7416,55691,-10,-35,-22,,,,,,
8416,55025,-12,-37,-24,,,,,,
9280,55819,-13,-38,-27,,,,,,
10053,54901,-14,-39,-28,,,,,,
11825,55233,-15,-39,-25,,,,,,
13280,54311,-16,-38,-19,,,,,,
17053,52448,-17,-31,2,,,,,,
19053,49222,-18,-27,11,,,,,,
21708,46230,-19,-22,18,,,,,,
21916,42414,-20,-20,19,,,,,,
23333,38168,-21,-19,19,,,,,,
23666,31101,-22,-16,21,,,,,,
23541,28593,-21,-14,22,,,,,,
22333,16776,-20,-4,32,,,,,,
19507,4536,-19,0,28,,,,,,
17962,-761,-18,1,23,,,,,,
14962,-7169,-17,0,15,,,,,,
13643,-9102,-16,2,16,,,,,,
13643,-10956,-15,3,18,,,,,,
12734,-11551,-14,6,22,,,,,,
12280,-13376,-12,8,28,,,,,,
11416,-13860,-11,11,33,,,,,,
11189,-15122,-9,15,41,,,,,,
10643,-15877,-8,17,47,,,,,,
9734,-16485,-6,21,53,,,,,,
9416,-17926,-5,23,59,,,,,,
8189,-18480,-4,25,61,,,,,,
7280,-19779,-3,26,62,,,,,,
6643,-21654,-2,27,58,,,,,,
2027,-28097,-1,21,28,,,,,,
1361,-28052,0,21,25,,,,,,
-1125,-29767,1,20,20,,,,,,
-1125,-29507,2,21,19,,,,,,
-1750,-30478,3,22,19,,,,,,
-2750,-30789,4,22,19,,,,,,
-4166,-31123,5,22,16,,,,,,
-4166,-30792,6,22,15,,,,,,
-6433,-32221,7,22,12,,,,,,
-7533,-31743,8,20,6,,,,,,
-8733,-31852,9,21,5,,,,,,
-9791,-32026,10,21,4,,,,,,
-9916,-31132,11,21,2,,,,,,
-11208,-30676,12,21,1,,,,,,
-11416,-28864,13,21,0,,,,,,
-12458,-27624,12,18,-3,,,,,,
-13250,-26092,13,14,-15,,,,,,
-13541,-24916,14,14,-14,,,,,,
-14083,-22611,13,11,-14,,,,,,
-13458,-22235,12,9,-19,,,,,,
-14166,-21258,11,5,-27,,,,,,
-14291,-20435,12,2,-35,,,,,,
-14458,-19873,13,3,-33,,,,,,
-14583,-19056,14,5,-25,,,,,,
-14375,-18110,15,7,-18,,,,,,
-14291,-16629,14,7,-12,,,,,,
-14694,-15770,13,5,-15,,,,,,
-14291,-15270,12,2,-23,,,,,,
-14166,-13952,11,0,-28,,,,,,
-14375,-12348,10,-3,-32,,,,,,
-12541,-2702,9,-1,-6,,,,,,
-11708,585,8,-1,-2,,,,,,
-10833,2409,7,-1,0,,,,,,
-10208,3656,6,-2,-1,,,,,,
-10083,3761,5,-2,-1,,,,,,
-9083,3811,4,-2,0,,,,,,
-31933,-43848,5,1,1,,,,,,
-36492,-56060,6,1,1,,,,,,
-38037,-59358,7,2,2,,,,,,
-40433,-61903,8,4,6,,,,,,
-42283,-64272,10,7,12,,,,,,
-43633,-66381,12,11,20,,,,,,
-45810,-68229,15,16,32,,,,,,
-47583,-68782,17,19,40,,,,,,
-49492,-71688,20,27,55,,,,,,
-50583,-73140,23,33,68,,,,,,
-52283,-73671,27,40,83,,,,,,
-53833,-75879,30,46,96,,,,,,
-56183,-77281,33,53,109,,,,,,
-58033,-77490,37,59,122,,,,,,
-59333,-79537,40,65,132,,,,,,
-60500,-78401,42,68,138,,,,,,
-63958,-80475,44,73,144,,,,,,
-63958,-79697,46,75,144,,,,,,
-63875,-79707,47,76,141,,,,,,
-66194,-78537,48,73,124,,,,,,
-72128,-73875,49,56,50,,,,,,
-73901,-69596,50,50,28,,,,,,
-74749,-66640,51,48,16,,,,,,
-75805,-63465,52,45,9,,,,,,
-76472,-56972,53,41,-2,,,,,,
-76083,-44985,52,32,-21,,,,,,
-75527,-40175,50,24,-37,,,,,,
-75416,-36927,49,21,-45,,,,,,
-74492,-34658,47,14,-57,,,,,,
-74583,-31702,46,10,-67,,,,,,
-73037,-23718,47,5,-77,,,,,,
-71265,-16861,46,3,-67,,,,,,
-68638,-11149,45,0,-69,,,,,,
-68638,-8366,44,-1,-69,,,,,,
-68083,-5844,42,-4,-71,,,,,,
-67305,-2745,41,-7,-76,,,,,,
-65638,1006,40,-10,-80,,,,,,
-64166,3244,38,-13,-85,,,,,,
-63166,6083,37,-15,-87,,,,,,
-62041,7740,36,-18,-90,,,,,,
-62041,10168,35,-19,-91,,,,,,
-60916,12639,34,-21,-90,,,,,,
-59791,15445,33,-22,-89,,,,,,
-58483,17641,32,-23,-88,,,,,,
-56433,22336,31,-24,-84,,,,,,
-53633,27676,30,-24,-74,,,,,,
-52283,30176,29,-24,-72,,,,,,
-48265,34322,26,-22,-61,,,,,,
-46356,40744,24,-28,-64,,,,,,
-45128,42465,22,-33,-72,,,,,,
-43983,42690,20,-36,-80,,,,,,
-42133,46765,18,-39,-84,,,,,,
-40583,47835,17,-42,-91,,,,,,
-38901,51795,15,-45,-93,,,,,,
-37492,53722,14,-45,-90,,,,,,
-36128,55072,13,-47,-90,,,,,,
-34810,55002,12,-47,-87,,,,,,
-30183,60845,11,-46,-77,,,,,,
-26883,61451,10,-43,-61,,,,,,
-26883,65691,9,-43,-57,,,,,,
-23492,69085,8,-43,-52,,,,,,
-22265,68393,6,-43,-48,,,,,,
-20810,70233,5,-44,-47,,,,,,
-19719,69378,3,-45,-48,,,,,,
-17305,71292,2,-47,-50,,,,,,
-15805,75067,0,-50,-53,,,,,,
-12833,75716,-1,-50,-55,,,,,,
-12833,76875,-2,-52,-54,,,,,,
-11208,77675,-3,-51,-53,,,,,,
-9708,76992,-4,-51,-47,,,,,,
-8233,79209,-6,-52,-47,,,,,,
-6783,79840,-7,-53,-47,,,,,,
-3958,80279,-8,-52,-42,,,,,,
-2958,78815,-9,-51,-36,,,,,,
-1333,80584,-10,-51,-33,,,,,,
208,81176,-11,-51,-31,,,,,,
1472,81654,-12,-51,-29,,,,,,
3083,80544,-13,-51,-28,,,,,,
4472,82898,-14,-51,-26,,,,,,
6189,82986,-16,-52,-26,,,,,,
7416,83419,-17,-53,-27,,,,,,
8643,81835,-18,-54,-28,,,,,,
9416,81005,-19,-53,-26,,,,,,
10825,81730,-20,-54,-25,,,,,,
12053,80604,-21,-54,-24,,,,,,
13189,80152,-22,-54,-22,,,,,,
16507,80029,-23,-49,-7,,,,,,
20280,75447,-24,-42,14,,,,,,
21625,72996,-25,-40,16,,,,,,
23750,68929,-26,-35,24,,,,,,
25166,67431,-27,-35,25,,,,,,
27598,62306,-28,-30,30,,,,,,
28371,56045,-29,-26,34,,,,,,
29689,49649,-30,-23,35,,,,,,
29916,44014,-29,-20,34,,,,,,
29689,34977,-28,-11,48,,,,,,
28462,23678,-27,-4,51,,,,,,
25166,7903,-26,1,43,,,,,,
22333,199,-25,1,34,,,,,,
21916,-1884,-24,2,33,,,,,,
21000,-3444,-23,4,36,,,,,,
20371,-5210,-22,6,40,,,,,,
20053,-5591,-21,8,43,,,,,,
18962,-8370,-19,11,48,,,,,,
18280,-10499,-18,14,53,,,,,,
17598,-10965,-16,18,59,,,,,,
16507,-13444,-15,19,62,,,,,,
16189,-15516,-13,23,67,,,,,,
14962,-17406,-12,25,71,,,,,,
13643,-19031,-11,28,74,,,,,,
13734,-20965,-10,28,75,,,,,,
12189,-21184,-9,30,74,,,,,,
11962,-23648,-8,30,73,,,,,,
9416,-26947,-7,31,68,,,,,,
8871,-27843,-6,31,65,,,,,,
7416,-29216,-5,31,58,,,,,,
6734,-29427,-4,30,54,,,,,,
5416,-30942,-3,31,52,,,,,,
4472,-32754,-2,32,53,,,,,,
3527,-33797,-1,32,50,,,,,,
2583,-35030,0,34,51,,,,,,
-333,-38656,1,32,41,,,,,,
-625,-37830,2,32,37,,,,,,
-1833,-38638,3,33,36,,,,,,
-2666,-39729,4,34,37,,,,,,
-3583,-40560,5,35,37,,,,,,
-3791,-39929,6,34,36,,,,,,
-4733,-39903,7,36,36,,,,,,
-6183,-41227,8,37,37,,,,,,
-6183,-41610,9,37,36,,,,,,
-7283,-42982,10,38,35,,,,,,
-8883,-42827,11,37,32,,,,,,
-9483,-43027,12,37,29,,,,,,
-11416,-42293,13,35,20,,,,,,
-12750,-42360,14,34,13,,,,,,
-13750,-40339,15,31,3,,,,,,
-15916,-39956,16,28,-4,,,,,,
-17027,-38486,17,26,-6,,,,,,
-17972,-38495,18,26,-7,,,,,,
-20128,-32833,19,19,-18,,,,,,
-20810,-29717,18,16,-20,,,,,,
-21037,-26292,19,11,-31,,,,,,
-21492,-23968,18,10,-27,,,,,,
-20265,-20652,17,6,-34,,,,,,
-20265,-16351,18,2,-39,,,,,,
-20356,-13534,16,0,-36,,,,,,
-19901,-12991,15,-2,-39,,,,,,
-19810,-11196,14,-5,-44,,,,,,
-17583,-4631,13,-4,-30,,,,,,
-16861,-183,12,-3,-17,,,,,,
-15361,3069,11,-3,-16,,,,,,
-14694,4043,10,-4,-15,,,,,,
-13541,6819,9,-5,-15,,,,,,
-12958,8308,8,-5,-10,,,,,,
-11541,9278,7,-5,-8,,,,,,
-10916,10959,6,-5,-6,,,,,,
-10208,11569,5,-6,-6,,,,,,
-10000,11794,4,-7,-8,,,,,,
-8633,13247,3,-9,-12,,,,,,
-8233,14101,2,-10,-12,,,,,,
-7533,14928,1,-10,-10,,,,,,
-5833,16104,0,-8,-3,,,,,,
-3375,16965,-1,-3,7,,,,,,
-1958,16517,-2,-3,5,,,,,,
-1125,16450,-3,-3,2,,,,,,
-333,15342,-4,-3,1,,,,,,
416,10665,-5,-1,0,,,,,,
1194,10836,-4,0,1,,,,,,
83,1702,-3,1,1,,,,,,
-27133,-68697,-2,1,1,,,,,,
-52533,-107417,-1,3,4,,,,,,
-61625,-126466,0,3,5,,,,,,
-61625,-144382,2,7,11,,,,,,
-70356,-151535,5,11,21,,,,,,
-78916,-178278,10,20,37,,,,,,
-94233,-191327,17,31,61,,,,,,
-94233,-204220,25,47,96,,,,,,
-101683,-209104,34,66,139,,,,,,
-109233,-226896,46,89,191,,,,,,
-116361,-228488,58,114,246,,,,,,
-123633,-246016,71,142,307,,,,,,
-130492,-253705,84,169,369,,,,,,
-136333,-259999,96,196,423,,,,,,
-142401,-262998,106,217,468,,,,,,
-147174,-266599,114,234,498,,,,,,
-152174,-263392,119,245,514,,,,,,
-160708,-268967,122,249,510,,,,,,
-160708,-269534,123,245,470,,,,,,
-168219,-266768,122,238,451,,,,,,
-175375,-261045,123,209,319,,,,,,
-181375,-260667,124,201,277,,,,,,
-181375,-255930,125,195,248,,,,,,
-182208,-246417,127,189,220,,,,,,
-179125,-234569,129,185,199,,,,,,
-179125,-219063,131,182,179,,,,,,
-176708,-207502,134,180,165,,,,,,
-175166,-190239,136,178,151,,,,,,
-170446,-162469,134,166,114,,,,,,
-167992,-152222,131,154,83,,,,,,
-165583,-135776,127,139,41,,,,,,
-162833,-122483,123,122,-7,,,,,,
-160291,-113071,118,105,-50,,,,,,
-158128,-98285,115,89,-95,,,,,,
-154946,-87647,112,75,-128,,,,,,
-152356,-75066,110,64,-158,,,,,,
-149265,-63800,109,55,-176,,,,,,
-143265,-42635,108,45,-190,,,,,,
-140401,-36848,107,42,-193,,,,,,
-136583,-21580,106,35,-197,,,,,,
-133265,-10974,104,30,-202,,,,,,
-129483,-575,101,23,-210,,,,,,
-125833,4856,98,18,-217,,,,,,
-121933,15394,93,8,-234,,,,,,
-118249,25614,88,-9,-262,,,,,,
-113250,41168,82,-23,-286,,,,,,
-109708,50472,76,-36,-309,,,,,,
-105933,58497,70,-50,-332,,,,,,
-97174,67623,64,-64,-356,,,,,,
-97174,76966,59,-77,-377,,,,,,
-93033,84562,54,-87,-390,,,,,,
-83983,92636,50,-95,-396,,,,,,
-83983,100212,47,-102,-399,,,,,,
-79983,109235,44,-106,-395,,,,,,
-74583,111493,42,-108,-386,,,,,,
-70946,124384,40,-110,-373,,,,,,
-65916,130011,38,-110,-357,,,,,,
-61916,137200,36,-110,-340,,,,,,
-57883,137026,34,-108,-324,,,,,,
-52983,143864,30,-108,-314,,,,,,
-48492,154322,26,-115,-307,,,,,,
-44233,159795,21,-122,-307,,,,,,
-39733,159968,16,-128,-311,,,,,,
-35583,164778,11,-137,-319,,,,,,
-31033,169453,5,-138,-327,,,,,,
-26683,173829,0,-146,-322,,,,,,
-22265,178268,-4,-159,-339,,,,,,
-17805,183120,-8,-160,-334,,,,,,
-13041,188314,-12,-164,-335,,,,,,
-8983,196459,-15,-170,-327,,,,,,
-4583,194546,-17,-170,-315,,,,,,
-1125,200099,-19,-168,-299,,,,,,
2583,202185,-21,-166,-280,,,,,,
7507,205057,-23,-164,-263,,,,,,
11507,207970,-25,-162,-244,,,,,,
15053,205336,-27,-158,-225,,,,,,
18371,209289,-29,-158,-212,,,,,,
22333,206321,-31,-156,-197,,,,,,
25598,210882,-32,-153,-181,,,,,,
29825,207848,-35,-149,-169,,,,,,
33371,209610,-37,-148,-153,,,,,,
37689,211187,-40,-151,-147,,,,,,
40916,212111,-43,-151,-141,,,,,,
43762,210953,-47,-153,-137,,,,,,
47098,213949,-51,-156,-138,,,,,,
50916,213141,-55,-160,-140,,,,,,
53339,212644,-60,-164,-146,,,,,,
56416,208111,-64,-168,-150,,,,,,
59734,211123,-68,-173,-155,,,,,,
62833,210481,-72,-175,-156,,,,,,
66208,207280,-74,-176,-154,,,,,,
68833,208909,-77,-177,-151,,,,,,
71791,207450,-78,-174,-141,,,,,,
74333,205608,-79,-171,-126,,,,,,
76493,203529,-80,-166,-109,,,,,,
78916,198827,-81,-162,-93,,,,,,
83375,196354,-82,-151,-56,,,,,,
87666,190020,-83,-140,-21,,,,,,
88916,186359,-84,-135,-5,,,,,,
92070,178993,-85,-126,18,,,,,,
93685,174937,-86,-121,31,,,,,,
95185,170693,-87,-119,37,,,,,,
96059,166596,-88,-115,43,,,,,,
98059,157632,-89,-108,56,,,,,,
103147,127329,-90,-79,109,,,,,,
103532,117766,-89,-72,116,,,,,,
103416,113111,-88,-67,123,,,,,,
103532,107866,-87,-61,132,,,,,,
103416,103887,-85,-54,143,,,,,,
103147,97803,-83,-47,155,,,,,,
102762,93706,-81,-39,169,,,,,,
102301,87520,-80,-32,181,,,,,,
101916,82285,-79,-27,189,,,,,,
100416,72344,-80,-22,188,,,,,,
98345,56991,-79,-18,171,,,,,,
97380,53554,-78,-17,168,,,,,,
94801,46498,-77,-12,171,,,,,,
94801,40671,-76,-8,174,,,,,,
93493,37047,-75,-6,176,,,,,,
90955,30521,-73,0,180,,,,,,
90955,25261,-71,3,179,,,,,,
87845,20504,-69,8,183,,,,,,
87845,17021,-67,12,187,,,,,,
86738,10913,-65,17,193,,,,,,
84916,5676,-63,22,196,,,,,,
82875,2678,-61,23,196,,,,,,
80750,-5257,-60,28,197,,,,,,
79032,-8206,-58,31,196,,,,,,
76955,-15183,-57,33,193,,,,,,
75041,-17751,-55,36,190,,,,,,
73208,-23543,-54,37,187,,,,,,
71583,-25147,-52,40,184,,,,,,
68750,-33076,-49,43,184,,,,,,
66500,-38835,-47,47,184,,,,,,
64166,-42673,-45,51,187,,,,,,
62041,-44290,-42,54,187,,,,,,
58962,-51932,-40,57,187,,,,,,
56643,-56698,-37,62,191,,,,,,
54647,-60472,-35,65,191,,,,,,
52416,-64251,-33,69,191,,,,,,
49871,-67796,-30,71,191,,,,,,
47325,-71929,-28,74,189,,,,,,
42339,-75203,-26,76,188,,,,,,
42339,-78717,-24,78,184,,,,,,
40143,-81659,-22,80,182,,,,,,
37462,-85257,-20,81,176,,,,,,
34689,-89693,-18,83,173,,,,,,
31371,-93482,-16,84,169,,,,,,
28825,-94698,-14,86,165,,,,,,
26462,-99442,-12,87,161,,,,,,
23750,-101806,-9,89,159,,,,,,
21500,-104597,-7,91,156,,,,,,
18962,-106825,-5,93,154,,,,,,
16053,-109140,-2,94,151,,,,,,
13734,-111231,0,96,149,,,,,,
9053,-112913,2,98,149,,,,,,
9053,-114925,4,99,145,,,,,,
6280,-117433,7,101,142,,,,,,
3361,-120006,10,103,140,,,,,,
527,-119753,12,103,137,,,,,,
-2166,-124401,15,108,141,,,,,,
-4291,-126045,17,109,138,,,,,,
-7033,-127378,20,111,135,,,,,,
-9791,-128130,22,112,133,,,,,,
-11208,-128763,24,113,128,,,,,,
-13750,-129104,25,112,123,,,,,,
-16583,-130416,27,111,115,,,,,,
-18805,-131111,28,110,108,,,,,,
-20901,-131271,30,109,98,,,,,,
-23037,-129621,31,108,92,,,,,,
-25433,-132102,33,108,86,,,,,,
-27383,-130140,34,105,77,,,,,,
-29733,-130481,36,104,71,,,,,,
-31933,-132721,38,104,66,,,,,,
-33733,-132049,40,105,62,,,,,,
-35356,-129469,41,104,59,,,,,,
-37583,-129204,43,104,55,,,,,,
-38810,-128021,45,104,52,,,,,,
-40933,-128135,46,104,49,,,,,,
-42133,-128405,47,103,45,,,,,,
-44483,-126745,48,100,36,,,,,,
-45901,-125097,49,98,29,,,,,,
-47583,-124844,50,96,21,,,,,,
-51533,-119746,51,86,-7,,,,,,
-55933,-112303,52,73,-38,,,,,,
-59333,-108438,53,68,-47,,,,,,
-59916,-103297,54,64,-54,,,,,,
-61333,-97882,55,61,-57,,,,,,
-62458,-90097,56,54,-64,,,,,,
-63458,-74075,55,42,-78,,,,,,
-63375,-67827,53,34,-90,,,,,,
-63375,-64961,52,30,-98,,,,,,
-62833,-61500,51,24,-108,,,,,,
-63166,-58848,50,22,-113,,,,,,
-62541,-55421,49,16,-122,,,,,,
-59233,-30699,48,5,-109,,,,,,
-58633,-27058,47,3,-108,,,,,,
-56933,-24034,46,0,-110,,,,,,
-56933,-20675,45,-2,-112,,,,,,
-56283,-18488,44,-4,-112,,,,,,
-55183,-13524,42,-7,-114,,,,,,
-53833,-11524,41,-8,-115,,,,,,
-53133,-8450,40,-11,-119,,,,,,
-51883,-4066,39,-14,-119,,,,,,
-51183,-728,38,-16,-118,,,,,,
-48719,5325,37,-17,-111,,,,,,
-47810,7846,36,-17,-105,,,,,,
-46583,10327,34,-20,-104,,,,,,
-43983,13595,33,-22,-106,,,,,,
-43983,14826,32,-24,-106,,,,,,
-42633,17951,30,-26,-107,,,,,,
-41283,20655,29,-28,-108,,,,,,
-40183,24892,27,-31,-110,,,,,,
-38583,27632,25,-33,-111,,,,,,
-36128,30205,23,-37,-114,,,,,,
-36128,32612,21,-40,-119,,,,,,
-34483,33049,19,-43,-121,,,,,,
-31433,37803,18,-45,-123,,,,,,
-31433,41008,16,-48,-123,,,,,,
-28133,43836,15,-48,-117,,,,,,
-26533,47195,14,-47,-107,,,,,,
-23901,51230,13,-46,-95,,,,,,
-20719,55352,12,-44,-79,,,,,,
-19472,57098,11,-43,-73,,,,,,
-17583,59139,10,-44,-69,,,,,,
-15805,61568,8,-45,-69,,,,,,
-14166,62941,6,-47,-69,,,,,,
-13041,64160,4,-50,-74,,,,,,
-11541,63474,3,-52,-77,,,,,,
-10291,66222,1,-54,-78,,,,,,
-8483,65658,0,-54,-76,,,,,,
-7033,69152,-2,-56,-76,,,,,,
-5083,68711,-3,-56,-75,,,,,,
-3791,71160,-5,-59,-76,,,,,,
-2666,71581,-6,-59,-74,,,,,,
-1250,72618,-7,-60,-72,,,,,,
638,72321,-8,-59,-68,,,,,,
1750,75074,-9,-59,-64,,,,,,
5416,77774,-10,-57,-53,,,,,,
8053,78214,-11,-54,-40,,,,,,
10643,78382,-12,-51,-28,,,,,,
11825,78612,-13,-50,-23,,,,,,
13416,77562,-14,-51,-23,,,,,,
15734,78083,-15,-49,-17,,,,,,
16825,78465,-16,-48,-13,,,,,,
17962,76787,-17,-49,-12,,,,,,
19371,78077,-18,-49,-12,,,,,,
20500,76985,-20,-48,-9,,,,,,
22208,76817,-21,-51,-14,,,,,,
23333,76022,-22,-52,-15,,,,,,
23333,74822,-23,-51,-14,,,,,,
24583,75253,-24,-51,-12,,,,,,
25291,74588,-25,-51,-11,,,,,,
26143,73606,-26,-51,-10,,,,,,
27053,72994,-28,-52,-10,,,,,,
28689,71317,-29,-51,-10,,,,,,
31053,68064,-30,-46,3,,,,,,
33916,61099,-31,-36,27,,,,,,
35598,54406,-32,-31,33,,,,,,
36689,37625,-31,-17,50,,,,,,
34143,22070,-30,-7,56,,,,,,
32053,12662,-29,-1,59,,,,,,
30053,4397,-28,1,50,,,,,,
28916,-115,-27,3,49,,,,,,
27916,-1762,-26,3,48,,,,,,
27371,-3080,-25,6,50,,,,,,
26280,-5749,-24,8,54,,,,,,
25689,-6845,-23,9,55,,,,,,
23833,-9438,-22,11,57,,,,,,
23833,-11267,-21,13,60,,,,,,
23250,-12502,-19,14,61,,,,,,
22541,-13701,-18,18,67,,,,,,
21833,-15765,-17,21,70,,,,,,
21208,-16877,-16,22,72,,,,,,
20500,-19123,-14,24,72,,,,,,
18734,-20087,-13,26,74,,,,,,
18825,-23015,-12,28,76,,,,,,
16962,-23368,-11,29,77,,,,,,
16416,-25692,-10,30,76,,,,,,
15825,-26553,-9,31,74,,,,,,
14280,-28142,-8,32,73,,,,,,
12825,-30408,-7,32,67,,,,,,
9734,-33859,-5,31,55,,,,,,
8507,-36181,-4,32,54,,,,,,
7189,-36703,-3,34,55,,,,,,
7189,-37501,-2,34,55,,,,,,
5962,-38902,-1,35,54,,,,,,
3805,-40573,0,35,49,,,,,,
1750,-43313,1,34,41,,,,,,
291,-45075,2,34,38,,,,,,
-1333,-46627,3,35,39,,,,,,
-1333,-45932,4,36,39,,,,,,
-1750,-46613,5,37,39,,,,,,
-2666,-45452,6,36,36,,,,,,
-3458,-45950,7,37,36,,,,,,
-4374,-46781,8,38,37,,,,,,
-4933,-47652,9,39,36,,,,,,
-6433,-47201,10,39,34,,,,,,
-6533,-48352,11,40,34,,,,,,
-7983,-47749,12,40,34,,,,,,
-8633,-47998,13,40,32,,,,,,
-9708,-48377,14,41,33,,,,,,
-11708,-47419,15,38,20,,,,,,
-12958,-45885,16,35,8,,,,,,
-14583,-44301,17,32,-2,,,,,,
-17138,-42918,18,27,-13,,,,,,
-19472,-40763,19,22,-21,,,,,,
-20719,-35985,20,18,-25,,,,,,
-21037,-30975,19,15,-25,,,,,,
-21128,-29342,18,12,-30,,,,,,
-21265,-26905,19,8,-41,,,,,,
-21037,-26051,20,9,-37,,,,,,
-20901,-22381,19,8,-30,,,,,,
-21128,-20718,18,5,-36,,,,,,
-20719,-20023,17,1,-44,,,,,,
-20901,-18650,16,-1,-49,,,,,,
-20810,-17304,15,-3,-52,,,,,,
-19305,-9441,14,-3,-35,,,,,,
-19194,-8336,13,-4,-36,,,,,,
-18916,-7662,12,-6,-38,,,,,,
-18916,-7003,11,-8,-42,,,,,,
-18083,-5329,10,-9,-43,,,,,,
-18083,-3587,9,-12,-47,,,,,,
-17694,-3227,8,-14,-50,,,,,,
-17305,-2112,7,-15,-52,,,,,,
-16861,-1358,6,-17,-54,,,,,,
-11333,9800,5,-2,5,,,,,,
-10000,10774,4,-1,4,,,,,,
-9333,11149,3,-2,0,,,,,,
-8883,11595,2,-2,0,,,,,,
-7383,12608,1,-2,0,,,,,,
-6433,13230,0,-3,0,,,,,,
-3458,12838,-1,-1,0,,,,,,
-3041,12085,-2,-1,0,,,,,,
-26433,-43755,-1,1,1,,,,,,
-38356,-84904,0,1,1,,,,,,
-49492,-107051,2,3,3,,,,,,
-54833,-116302,4,6,9,,,,,,
-59708,-124518,8,13,21,,,,,,
-63666,-126058,12,20,39,,,,,,
-68527,-137282,18,32,64,,,,,,
-72356,-143022,24,44,93,,,,,,
-76194,-147812,31,60,129,,,,,,
-80433,-148472,38,74,163,,,,,,
-84133,-156347,46,92,203,,,,,,
-87719,-158970,55,109,239,,,,,,
-91083,-158053,62,125,272,,,,,,
-94383,-162958,69,140,301,,,,,,
-97037,-164339,74,150,322,,,,,,
-100233,-162052,79,158,332,,,,,,
-103133,-166046,81,162,334,,,,,,
-105933,-166312,82,163,323,,,,,,
-108633,-166012,83,159,304,,,,,,
-119583,-160268,84,128,163,,,,,,
-121183,-158754,85,124,145,,,,,,
-123033,-156818,86,121,128,,,,,,
-124983,-153453,87,118,114,,,,,,
-126583,-152827,88,115,100,,,,,,
-128283,-150134,90,113,89,,,,,,
-129233,-146302,92,112,81,,,,,,
-131628,-144000,93,112,77,,,,,,
-131628,-140194,95,111,71,,,,,,
-132628,-137697,96,109,63,,,,,,
-137433,-103115,97,74,-37,,,,,,
-136183,-79919,95,56,-69,,,,,,
-136183,-74536,94,51,-80,,,,,,
-134983,-69188,91,42,-96,,,,,,
-134174,-64012,88,34,-114,,,,,,
-133628,-59122,86,24,-133,,,,,,
-132719,-54455,84,17,-150,,,,,,
-131719,-49834,83,12,-159,,,,,,
-128633,-36490,84,6,-160,,,,,,
-123883,-18580,83,4,-140,,,,,,
-122183,-15085,81,3,-140,,,,,,
-118638,-7577,79,-3,-143,,,,,,
-116638,-2348,77,-8,-149,,,,,,
-116638,3462,74,-13,-155,,,,,,
-114291,8685,71,-20,-166,,,,,,
-112749,13311,68,-26,-174,,,,,,
-111125,15902,64,-35,-187,,,,,,
-108383,21964,62,-39,-193,,,,,,
-106783,24424,60,-44,-204,,,,,,
-104233,32470,58,-48,-203,,,,,,
-101933,35123,56,-51,-202,,,,,,
-99733,39484,55,-51,-199,,,,,,
-97492,44062,53,-53,-192,,,,,,
-94946,51840,52,-55,-188,,,,,,
-92533,56079,51,-56,-181,,,,,,
-89833,60099,50,-55,-173,,,,,,
-87583,64651,48,-56,-165,,,,,,
-85037,68369,46,-57,-160,,,,,,
-82433,73448,44,-60,-158,,,,,,
-79083,77966,42,-62,-159,,,,,,
-76361,82501,39,-65,-158,,,,,,
-73583,87418,34,-71,-163,,,,,,
-68805,88851,33,-73,-160,,,,,,
-68361,92313,30,-76,-166,,,,,,
-64694,99605,27,-84,-173,,,,,,
-62041,100706,24,-86,-177,,,,,,
-59791,100760,21,-90,-180,,,,,,
-57033,106433,18,-94,-182,,,,,,
-54083,109836,15,-98,-183,,,,,,
-51033,113137,13,-100,-183,,,,,,
-48037,116342,12,-101,-178,,,,,,
-45265,119211,11,-99,-168,,,,,,
-42383,121816,10,-97,-155,,,,,,
-39356,124519,9,-95,-142,,,,,,
-36583,127258,8,-93,-130,,,,,,
-33483,129326,7,-92,-120,,,,,,
-30933,131387,5,-91,-111,,,,,,
-28133,130154,4,-90,-102,,,,,,
-22265,135256,1,-92,-100,,,,,,
-22265,137380,-1,-92,-97,,,,,,
-19194,136624,-3,-94,-96,,,,,,
-15916,141733,-7,-97,-99,,,,,,
-13541,143458,-9,-100,-102,,,,,,
-8233,143937,-12,-103,-105,,,,,,
-8233,145923,-15,-105,-107,,,,,,
-5083,147115,-17,-108,-109,,,,,,
-2458,147794,-19,-109,-109,,,,,,
-416,148894,-21,-109,-104,,,,,,
2972,149714,-23,-109,-100,,,,,,
5643,151383,-24,-108,-94,,,,,,
8053,151591,-25,-107,-87,,,,,,
10507,151695,-26,-105,-79,,,,,,
12734,152002,-27,-103,-70,,,,,,
15280,152126,-29,-102,-62,,,,,,
17598,152464,-30,-100,-54,,,,,,
20053,151468,-31,-99,-49,,,,,,
21625,150822,-32,-97,-42,,,,,,
24041,149894,-33,-95,-34,,,,,,
26280,150251,-34,-93,-27,,,,,,
31143,149210,-35,-88,-12,,,,,,
32689,148423,-36,-86,-5,,,,,,
35234,148142,-38,-85,0,,,,,,
37825,148191,-40,-85,0,,,,,,
40724,146495,-42,-86,0,,,,,,
44762,144613,-46,-88,-5,,,,,,
44762,140833,-49,-90,-12,,,,,,
49780,141222,-53,-94,-16,,,,,,
49780,135245,-60,-100,-30,,,,,,
52955,132931,-61,-99,-28,,,,,,
54378,131525,-62,-103,-42,,,,,,
56280,127057,-61,-96,-23,,,,,,
57416,125442,-60,-90,-10,,,,,,
58962,123001,-59,-83,12,,,,,,
64666,61241,-58,-28,96,,,,,,
63250,47195,-57,-19,101,,,,,,
61500,40415,-56,-14,104,,,,,,
60625,36561,-55,-11,107,,,,,,
60625,34310,-54,-8,110,,,,,,
59280,28867,-53,-4,116,,,,,,
57189,24307,-51,0,120,,,,,,
56734,21263,-50,3,124,,,,,,
56734,19197,-48,4,127,,,,,,
54378,14616,-47,9,128,,,,,,
54378,10679,-46,12,130,,,,,,
53416,7596,-45,14,132,,,,,,
52224,5463,-44,15,128,,,,,,
50916,957,-43,17,127,,,,,,
50098,-2884,-42,18,124,,,,,,
48098,-6877,-41,20,123,,,,,,
46416,-11370,-39,22,122,,,,,,
43647,-15380,-38,25,123,,,,,,
43647,-16072,-36,25,124,,,,,,
40724,-20364,-34,30,126,,,,,,
40724,-22927,-32,34,130,,,,,,
39598,-26746,-30,37,133,,,,,,
37916,-29178,-28,41,137,,,,,,
34689,-32953,-26,44,139,,,,,,
34689,-36226,-24,47,141,,,,,,
32462,-37891,-23,49,141,,,,,,
31053,-42157,-21,51,140,,,,,,
29689,-44742,-20,52,137,,,,,,
27462,-45861,-19,52,132,,,,,,
25825,-49126,-18,52,127,,,,,,
24166,-52871,-17,53,121,,,,,,
22625,-55091,-15,54,117,,,,,,
21125,-55244,-14,53,111,,,,,,
18734,-59403,-12,56,111,,,,,,
17598,-62205,-11,56,107,,,,,,
13643,-63818,-9,59,108,,,,,,
13643,-67006,-7,60,108,,,,,,
11734,-68515,-5,63,108,,,,,,
10189,-69033,-3,65,110,,,,,,
8189,-72592,-1,67,110,,,,,,
6507,-74880,0,68,110,,,,,,
4472,-76524,2,69,107,,,,,,
2305,-78762,4,70,104,,,,,,
-1624,-80983,6,72,103,,,,,,
-3041,-81986,8,74,104,,,,,,
-3041,-82841,10,75,103,,,,,,
-4374,-83092,11,76,101,,,,,,
-5933,-81988,13,76,100,,,,,,
-7983,-85438,15,77,95,,,,,,
-10208,-86843,16,78,92,,,,,,
-11625,-87622,17,78,89,,,,,,
-12750,-86071,18,76,81,,,,,,
-13875,-87460,19,76,76,,,,,,
-15805,-88097,20,75,70,,,,,,
-17805,-89096,21,74,62,,,,,,
-19305,-89689,22,73,58,,,,,,
-20719,-89636,23,72,52,,,,,,
-24037,-90506,24,68,37,,,,,,
-25333,-90812,25,66,29,,,,,,
-26683,-90540,26,66,26,,,,,,
-28133,-89303,27,64,22,,,,,,
-30583,-88309,29,64,16,,,,,,
-31433,-87164,30,63,11,,,,,,
-32783,-87689,31,64,12,,,,,,
-34083,-87527,32,63,11,,,,,,
-35265,-86675,34,64,10,,,,,,
-36265,-84984,35,63,9,,,,,,
-37128,-84311,36,64,10,,,,,,
-37810,-83331,37,63,8,,,,,,
-39037,-81793,38,63,6,,,,,,
-39583,-80686,39,63,5,,,,,,
-40333,-79150,40,62,2,,,,,,
-43133,-75337,39,55,-11,,,,,,
-43983,-72449,40,48,-29,,,,,,
-44719,-68250,41,46,-33,,,,,,
-45901,-62531,40,39,-42,,,,,,
-46356,-60913,39,36,-49,,,,,,
-46128,-58333,38,31,-57,,,,,,
-46265,-56000,39,28,-65,,,,,,
-47037,-54500,40,28,-65,,,,,,
-46719,-52739,41,29,-62,,,,,,
-45810,-44642,39,24,-58,,,,,,
-46265,-42339,38,21,-64,,,,,,
-45901,-40434,37,15,-75,,,,,,
-45901,-38012,35,11,-83,,,,,,
-45356,-33899,34,3,-96,,,,,,
-41683,-13802,33,0,-71,,,,,,
-40433,-9981,32,-2,-67,,,,,,
-40333,-8057,31,-3,-68,,,,,,
-39265,-6248,30,-5,-68,,,,,,
-38810,-4601,29,-7,-71,,,,,,
-36901,-1272,28,-9,-72,,,,,,
-36901,391,27,-10,-74,,,,,,
-35719,2710,25,-14,-76,,,,,,
-35719,4163,24,-16,-79,,,,,,
-35037,5105,23,-17,-82,,,,,,
-32883,8107,22,-19,-83,,,,,,
-32883,10288,21,-21,-83,,,,,,
-32133,11376,20,-21,-81,,,,,,
-30083,16270,19,-23,-77,,,,,,
-28833,19007,18,-23,-69,,,,,,
-26683,22817,17,-23,-64,,,,,,
-25083,24065,16,-24,-62,,,,,,
-23810,25949,15,-23,-61,,,,,,
-22492,28213,14,-24,-55,,,,,,
-21719,28464,13,-24,-53,,,,,,
-20356,31629,12,-25,-51,,,,,,
-19194,32329,11,-26,-52,,,,,,
-17694,34514,10,-27,-51,,,,,,
-15527,37472,9,-28,-52,,,,,,
-15527,38082,8,-29,-50,,,,,,
-13166,39716,7,-30,-51,,,,,,
-13166,40268,6,-31,-50,,,,,,
-12333,42097,5,-32,-51,,,,,,
-10500,43123,4,-32,-47,,,,,,
-9583,44254,3,-32,-46,,,,,,
-7983,44871,2,-33,-44,,,,,,
-7383,44757,1,-32,-43,,,,,,
-5933,45765,0,-34,-44,,,,,,
-4083,47850,-1,-34,-42,,,,,,
-916,47426,-2,-34,-41,,,,,,
5027,48032,-6,-34,-40,,,,,,
5416,48724,-7,-34,-38,,,,,,
6416,49827,-8,-34,-36,,,,,,
8734,50683,-9,-35,-35,,,,,,
8734,50816,-10,-36,-35,,,,,,
9189,51032,-11,-36,-34,,,,,,
9962,50365,-12,-37,-34,,,,,,
10643,50723,-13,-37,-33,,,,,,
12507,50971,-14,-37,-30,,,,,,
14280,50710,-15,-36,-23,,,,,,
16053,49170,-16,-33,-13,,,,,,
17734,47432,-17,-30,-1,,,,,,
20053,46565,-18,-26,7,,,,,,
21208,43687,-19,-24,9,,,,,,
22833,40293,-20,-21,14,,,,,,
23333,36752,-21,-20,13,,,,,,
24166,24806,-20,-10,26,,,,,,
21500,8522,-19,0,32,,,,,,
18962,-837,-18,0,20,,,,,,
16416,-6213,-17,1,16,,,,,,
15053,-8518,-16,1,13,,,,,,
13825,-11990,-15,3,14,,,,,,
12643,-13121,-14,3,15,,,,,,
12507,-15009,-13,6,19,,,,,,
11507,-15498,-12,8,24,,,,,,
10416,-16885,-10,10,27,,,,,,
10416,-17570,-9,13,33,,,,,,
9643,-18438,-7,17,40,,,,,,
9416,-19286,-5,19,46,,,,,,
8643,-19805,-3,24,54,,,,,,
8053,-20879,-2,26,60,,,,,,
5249,-24548,-3,23,45,,,,,,
-1624,-31221,-2,11,-1,,,,,,
-4166,-31930,-1,11,0,,,,,,
-4933,-32205,0,12,1,,,,,,
-5833,-32574,1,12,0,,,,,,
-6683,-32825,2,12,1,,,,,,
-7533,-34175,3,14,4,,,,,,
-8233,-34069,4,16,9,,,,,,
-8233,-34075,6,18,13,,,,,,
-8983,-34382,7,20,17,,,,,,
-10208,-34803,8,22,22,,,,,,
-10416,-34869,10,25,28,,,,,,
-10708,-34140,11,26,29,,,,,,
-11125,-34254,12,28,33,,,,,,
-11916,-33991,13,29,35,,,,,,
-13041,-34367,14,31,36,,,,,,
-13250,-33602,13,28,30,,,,,,
-13375,-32952,12,25,21,,,,,,
-13958,-32795,11,21,9,,,,,,
-14694,-32058,10,14,-10,,,,,,
-15527,-31242,11,12,-16,,,,,,
-18638,-21700,12,2,-22,,,,,,
-19027,-17131,13,1,-18,,,,,,
-17694,-8256,12,-1,-10,,,,,,
-17583,-7305,11,-1,-12,,,,,,
-16861,-4534,10,-4,-12,,,,,,
-14166,3045,9,-1,-1,,,,,,
-13375,5059,8,-2,-1,,,,,,
-12458,6314,7,-2,0,,,,,,
-11208,7596,6,-2,-1,,,,,,
-11208,8116,5,-2,0,,,,,,
-10208,9621,4,-4,-3,,,,,,
-9916,9827,3,-4,-4,,,,,,
-9483,10112,2,-5,-4,,,,,,
-9233,9419,1,-6,-6,,,,,,
-3666,11981,0,0,0,,,,,,
-3249,10201,-1,-1,-1,,,,,,
-39583,-89975,0,1,1,,,,,,
-60625,-120141,1,3,4,,,,,,
-67027,-133455,3,4,7,,,,,,
-67027,-145701,6,10,17,,,,,,
-72719,-148582,11,12,34,,,,,,
-79583,-167742,17,31,65,,,,,,
-85946,-177652,24,46,99,,,,,,
-91083,-185817,32,63,141,,,,,,
-96719,-191754,41,82,185,,,,,,
-101183,-197374,52,104,233,,,,,,
-106083,-201353,62,126,285,,,,,,
-110500,-205798,73,152,343,,,,,,
-114750,-208836,82,173,394,,,,,,
-118805,-207020,90,181,426,,,,,,
-122283,-208075,97,204,452,,,,,,
-126583,-209760,101,208,454,,,,,,
-130401,-211591,103,216,455,,,,,,
-133810,-211901,104,211,430,,,,,,
-137183,-212343,103,204,390,,,,,,
-147946,-207794,104,168,229,,,,,,
-154356,-201833,105,155,170,,,,,,
-154356,-198064,106,149,145,,,,,,
-157901,-194272,108,145,123,,,,,,
-157901,-190174,109,142,110,,,,,,
-159356,-186513,111,140,98,,,,,,
-160791,-182011,113,138,88,,,,,,
-162125,-176862,114,136,78,,,,,,
-162958,-166432,116,130,59,,,,,,
-162958,-140853,118,110,-6,,,,,,
-166992,-122057,119,93,-43,,,,,,
-166446,-105734,118,80,-66,,,,,,
-166219,-100885,115,73,-79,,,,,,
-165128,-93878,112,63,-99,,,,,,
-164674,-88539,109,51,-126,,,,,,
-163666,-81720,105,40,-149,,,,,,
-161833,-75146,102,29,-173,,,,,,
-161833,-70746,101,20,-192,,,,,,
-160791,-63922,102,16,-201,,,,,,
-157810,-57206,103,15,-196,,,,,,
-157810,-53162,104,17,-185,,,,,,
-153037,-31788,102,14,-162,,,,,,
-149583,-25651,100,10,-165,,,,,,
-147265,-19216,97,2,-174,,,,,,
-147265,-11809,93,-5,-186,,,,,,
-144583,-5578,90,-13,-198,,,,,,
-142719,900,86,-23,-214,,,,,,
-140719,6835,83,-30,-227,,,,,,
-135333,13457,80,-37,-235,,,,,,
-135333,20404,77,-43,-243,,,,,,
-132401,26477,76,-47,-245,,,,,,
-130174,33245,74,-50,-244,,,,,,
-123883,39458,73,-51,-237,,,,,,
-123883,46546,72,-53,-230,,,,,,
-120933,52821,71,-52,-221,,,,,,
-117305,55854,70,-52,-209,,,,,,
-114499,65027,68,-53,-201,,,,,,
-111249,70314,66,-55,-196,,,,,,
-108133,76995,63,-58,-193,,,,,,
-104383,82917,59,-63,-196,,,,,,
-101083,84877,55,-65,-197,,,,,,
-97810,92976,50,-78,-214,,,,,,
-94810,98193,45,-86,-226,,,,,,
-91083,99261,40,-96,-242,,,,,,
-87810,104417,36,-104,-254,,,,,,
-84383,112923,31,-112,-265,,,,,,
-80683,118265,28,-117,-269,,,,,,
-76749,123158,25,-122,-270,,,,,,
-73128,123878,24,-121,-264,,,,,,
-70265,127139,22,-122,-252,,,,,,
-66194,135291,21,-120,-237,,,,,,
-59483,142887,20,-113,-199,,,,,,
-55933,142417,19,-110,-179,,,,,,
-52383,145639,18,-107,-166,,,,,,
-48356,149964,16,-104,-148,,,,,,
-45492,152584,13,-103,-138,,,,,,
-41533,158414,10,-108,-139,,,,,,
-38037,158416,6,-112,-141,,,,,,
-34483,163902,2,-116,-145,,,,,,
-28133,166032,-1,-121,-151,,,,,,
-24037,168601,-5,-125,-155,,,,,,
-24037,167074,-9,-125,-159,,,,,,
-20719,173419,-12,-133,-163,,,,,,
-16750,175004,-16,-137,-166,,,,,,
-13666,176737,-18,-138,-164,,,,,,
-7983,177101,-21,-140,-167,,,,,,
-7983,178543,-23,-140,-158,,,,,,
-4500,179477,-25,-141,-152,,,,,,
-1416,180386,-26,-138,-141,,,,,,
1472,177620,-27,-136,-127,,,,,,
4861,181609,-28,-132,-112,,,,,,
11053,182144,-29,-123,-77,,,,,,
13734,182143,-30,-119,-64,,,,,,
16598,180955,-31,-117,-57,,,,,,
19189,181026,-32,-114,-47,,,,,,
22125,181131,-33,-112,-36,,,,,,
24875,181372,-35,-111,-30,,,,,,
27280,180705,-37,-110,-24,,,,,,
30143,177756,-39,-108,-23,,,,,,
32689,179598,-41,-110,-20,,,,,,
35371,179226,-45,-112,-22,,,,,,
38689,178583,-47,-113,-24,,,,,,
40916,177711,-51,-117,-35,,,,,,
45147,176148,-54,-119,-37,,,,,,
45147,174468,-58,-124,-46,,,,,,
47098,173789,-61,-127,-55,,,,,,
50532,172642,-64,-131,-61,,,,,,
52301,171096,-67,-132,-63,,,,,,
53608,167792,-68,-133,-62,,,,,,
55301,165068,-69,-131,-56,,,,,,
57189,161306,-68,-125,-43,,,,,,
59280,160779,-67,-119,-24,,,,,,
60791,158704,-66,-110,0,,,,,,
62416,156002,-65,-102,23,,,,,,
75041,62336,-64,-23,117,,,,,,
72083,48811,-63,-17,118,,,,,,
71083,40580,-62,-12,120,,,,,,
69249,32216,-61,-7,121,,,,,,
66708,27734,-59,-4,124,,,,,,
66708,23880,-58,0,127,,,,,,
65875,20695,-56,4,132,,,,,,
64458,15846,-55,6,133,,,,,,
63333,12700,-53,11,139,,,,,,
62125,8765,-51,14,142,,,,,,
61208,5369,-49,19,147,,,,,,
59280,191,-47,23,151,,,,,,
58280,-4612,-46,25,152,,,,,,
54378,-8699,-44,29,155,,,,,,
54378,-13653,-42,31,154,,,,,,
52608,-15953,-41,34,155,,,,,,
51378,-20982,-39,37,155,,,,,,
49780,-24148,-37,39,153,,,,,,
48098,-25563,-36,40,154,,,,,,
46325,-31697,-34,44,152,,,,,,
44224,-35871,-32,46,151,,,,,,
42339,-39065,-30,49,152,,,,,,
41108,-39648,-28,50,150,,,,,,
39007,-42708,-26,55,154,,,,,,
36916,-48728,-25,56,152,,,,,,
35371,-52250,-23,58,150,,,,,,
32689,-53539,-22,58,147,,,,,,
30689,-60065,-20,61,143,,,,,,
28462,-60421,-18,62,140,,,,,,
26598,-65630,-17,63,136,,,,,,
24583,-67347,-15,65,135,,,,,,
23250,-67471,-14,65,130,,,,,,
21291,-71386,-12,66,125,,,,,,
18825,-74400,-10,67,122,,,,,,
16734,-77791,-9,69,121,,,,,,
14507,-77962,-7,68,116,,,,,,
12416,-80546,-5,70,113,,,,,,
10507,-84717,-2,73,113,,,,,,
7962,-84728,0,76,117,,,,,,
6643,-88026,1,77,115,,,,,,
4583,-86810,3,76,111,,,,,,
2583,-91453,5,79,110,,,,,,
-125,-91192,7,81,109,,,,,,
-2166,-93500,9,82,107,,,,,,
-3958,-94394,11,81,102,,,,,,
-5583,-95000,14,86,107,,,,,,
-7133,-95506,16,86,108,,,,,,
-11416,-99159,18,91,112,,,,,,
-11416,-100333,19,91,108,,,,,,
-12833,-98728,21,91,103,,,,,,
-14375,-100655,22,90,97,,,,,,
-16472,-99400,23,89,90,,,,,,
-18916,-101152,24,87,83,,,,,,
-20492,-103972,25,86,73,,,,,,
-22356,-103405,26,85,67,,,,,,
-25783,-103277,27,80,49,,,,,,
-26883,-103937,28,78,39,,,,,,
-28733,-101518,29,76,32,,,,,,
-30183,-102850,30,76,28,,,,,,
-31433,-102034,32,76,25,,,,,,
-32883,-101636,34,76,24,,,,,,
-34810,-101816,36,78,27,,,,,,
-37037,-101513,37,79,29,,,,,,
-37037,-100942,39,80,30,,,,,,
-37901,-97464,40,79,27,,,,,,
-39265,-97207,41,79,25,,,,,,
-40183,-96241,42,78,22,,,,,,
-42783,-94091,43,74,8,,,,,,
-45583,-90360,44,66,-12,,,,,,
-50933,-49033,43,24,-76,,,,,,
-50433,-46822,42,21,-79,,,,,,
-50433,-44615,41,17,-85,,,,,,
-50783,-42196,40,14,-90,,,,,,
-49933,-39613,39,10,-96,,,,,,
-49492,-36432,38,6,-102,,,,,,
-46492,-19938,37,0,-90,,,,,,
-45037,-13589,36,-2,-86,,,,,,
-43983,-12216,35,-3,-84,,,,,,
-42883,-9431,34,-5,-85,,,,,,
-42883,-7324,33,-7,-86,,,,,,
-41883,-4093,32,-9,-87,,,,,,
-40833,-1644,30,-12,-89,,,,,,
-39128,1077,29,-14,-91,,,,,,
-37901,3507,28,-17,-94,,,,,,
-37901,5205,27,-18,-95,,,,,,
-36901,9087,26,-20,-94,,,,,,
-35719,10997,25,-21,-93,,,,,,
-35128,12173,24,-22,-91,,,,,,
-34483,14528,23,-24,-92,,,,,,
-33483,15115,22,-25,-91,,,,,,
-31183,21969,21,-25,-84,,,,,,
-29333,23180,20,-25,-79,,,,,,
-28133,26556,19,-25,-72,,,,,,
-26533,29864,18,-25,-68,,,,,,
-24933,30759,17,-26,-67,,,,,,
-24492,33693,16,-27,-66,,,,,,
-22719,33747,15,-27,-64,,,,,,
-21901,35759,13,-30,-67,,,,,,
-20810,37936,12,-32,-69,,,,,,
-19472,40470,10,-34,-70,,,,,,
-16361,42533,9,-36,-72,,,,,,
-16361,43314,7,-38,-74,,,,,,
-14972,46084,6,-39,-75,,,,,,
-12833,47446,4,-42,-76,,,,,,
-12833,48488,3,-43,-77,,,,,,
-10416,49479,2,-45,-78,,,,,,
-10416,50655,1,-45,-76,,,,,,
-9333,51182,0,-45,-72,,,,,,
-6683,53562,-1,-44,-63,,,,,,
-5433,55418,-2,-43,-58,,,,,,
-3041,57194,-3,-42,-50,,,,,,
-708,57834,-4,-41,-41,,,,,,
805,57790,-5,-39,-30,,,,,,
3638,59562,-6,-38,-27,,,,,,
6098,61730,-7,-36,-17,,,,,,
8189,61120,-8,-35,-12,,,,,,
9189,62210,-9,-35,-11,,,,,,
10643,61736,-10,-35,-10,,,,,,
11280,62514,-11,-36,-12,,,,,,
12189,62568,-12,-37,-13,,,,,,
14507,62729,-13,-38,-15,,,,,,
14507,63076,-15,-39,-15,,,,,,
15507,61677,-16,-40,-17,,,,,,
16280,61520,-17,-41,-21,,,,,,
16734,60418,-19,-43,-23,,,,,,
16962,58680,-20,-43,-22,,,,,,
18825,59292,-21,-46,-28,,,,,,
18825,60404,-22,-46,-28,,,,,,
20371,58573,-23,-46,-26,,,,,,
23458,54043,-24,-36,5,,,,,,
27689,36299,-25,-15,40,,,,,,
27825,32940,-24,-14,36,,,,,,
25689,16704,-23,-3,43,,,,,,
23833,6774,-22,1,38,,,,,,
22041,2203,-21,1,31,,,,,,
20280,-3522,-20,1,24,,,,,,
18825,-6548,-19,2,24,,,,,,
17598,-9624,-18,4,25,,,,,,
16416,-10945,-17,5,28,,,,,,
15598,-12402,-16,7,29,,,,,,
15598,-13758,-14,10,35,,,,,,
14598,-14850,-13,11,38,,,,,,
13962,-16036,-12,14,44,,,,,,
13962,-17294,-10,18,50,,,,,,
12825,-18453,-8,21,56,,,,,,
11734,-20272,-7,24,61,,,,,,
11189,-21427,-5,27,66,,,,,,
10416,-21631,-4,29,70,,,,,,
9871,-23598,-3,31,71,,,,,,
7416,-26588,-4,27,56,,,,,,
6962,-26877,-3,26,48,,,,,,
5734,-28889,-2,25,36,,,,,,
3805,-31096,-1,25,33,,,,,,
1361,-33406,0,23,25,,,,,,
-625,-34815,1,22,16,,,,,,
-1541,-35016,2,22,15,,,,,,
-2250,-35828,3,23,15,,,,,,
-2958,-35613,4,24,17,,,,,,
-3249,-35744,5,25,19,,,,,,
-4500,-35469,6,26,21,,,,,,
-5333,-35943,7,27,23,,,,,,
-6183,-36302,8,29,24,,,,,,
-6183,-36138,9,29,25,,,,,,
-6783,-36730,10,30,25,,,,,,
-8133,-36859,11,30,25,,,,,,
-8483,-37416,12,30,22,,,,,,
-10291,-36140,13,27,9,,,,,,
-12541,-34016,14,22,-5,,,,,,
-14694,-28643,15,15,-17,,,,,,
-15638,-27881,14,13,-16,,,,,,
-15638,-25663,15,10,-23,,,,,,
-15638,-22272,14,7,-24,,,,,,
-16083,-20245,15,5,-28,,,,,,
-16361,-18192,14,3,-27,,,,,,
-15527,-15481,13,0,-31,,,,,,
-15361,-14096,14,0,-30,,,,,,
-14694,-11189,13,0,-24,,,,,,
-15250,-10206,12,-2,-25,,,,,,
-14458,-8554,11,-3,-25,,,,,,
-13041,-1898,10,-1,-8,,,,,,
-12458,380,9,-1,-5,,,,,,
-11833,1794,8,-1,-3,,,,,,
-10916,3875,7,-1,0,,,,,,
-9791,6228,6,-1,-1,,,,,,
-9708,5940,5,-1,0,,,,,,
-9333,6325,4,-2,-1,,,,,,
-7983,8253,3,-4,-6,,,,,,
-7983,8625,2,-6,-8,,,,,,
-7883,8773,1,-7,-12,,,,,,
-6883,10063,0,-8,-12,,,,,,
-6883,9782,1,-7,-9,,,,,,
-4166,11655,0,-1,6,,,,,,
-28133,-80748,1,0,0,,,,,,
-36901,-80472,3,3,4,,,,,,
-41783,-82832,5,6,10,,,,,,
-46356,-93704,7,11,19,,,,,,
-50683,-95970,10,13,32,,,,,,
-55833,-108522,13,22,44,,,,,,
-59483,-115598,17,29,60,,,,,,
-63166,-120839,22,38,79,,,,,,
-67416,-127580,26,48,103,,,,,,
-71810,-128966,32,60,129,,,,,,
-75416,-134113,38,71,153,,,,,,
-79833,-139685,44,78,170,,,,,,
-83733,-144943,50,90,207,,,,,,
-87946,-149411,56,109,229,,,,,,
-90583,-151809,62,120,251,,,,,,
-94719,-157824,67,130,269,,,,,,
-97583,-157471,72,139,285,,,,,,
-104133,-162581,75,145,291,,,,,,
-104133,-164426,78,148,287,,,,,,
-107183,-165451,79,147,277,,,,,,
-110124,-163535,80,144,260,,,,,,
-111958,-164931,81,140,237,,,,,,
-114583,-164049,82,137,214,,,,,,
-119833,-161462,83,128,173,,,,,,
-122183,-163059,84,123,149,,,,,,
-124233,-159860,85,120,133,,,,,,
-125733,-160100,87,118,121,,,,,,
-128383,-157738,89,117,111,,,,,,
-129719,-156081,91,117,104,,,,,,
-131037,-151488,92,116,98,,,,,,
-132492,-149788,94,115,89,,,,,,
-133810,-147437,96,114,83,,,,,,
-135333,-144142,97,114,77,,,,,,
-136183,-140266,98,112,70,,,,,,
-141946,-92196,99,63,-62,,,,,,
-140946,-78771,98,54,-74,,,,,,
-140628,-73198,97,49,-84,,,,,,
-139133,-69358,94,42,-96,,,,,,
-139133,-62977,92,34,-114,,,,,,
-138383,-57892,90,25,-132,,,,,,
-137433,-54198,88,19,-145,,,,,,
-136083,-47142,87,12,-159,,,,,,
-134401,-38593,88,8,-162,,,,,,
-130037,-21129,87,6,-142,,,,,,
-128533,-17553,85,2,-144,,,,,,
-126833,-9880,83,-2,-148,,,,,,
-124733,-3767,80,-8,-156,,,,,,
-122683,-249,77,-14,-166,,,,,,
-120483,7500,74,-22,-178,,,,,,
-118805,13493,71,-29,-191,,,,,,
-116361,19149,69,-35,-200,,,,,,
-113875,24939,66,-41,-207,,,,,,
-111958,29776,64,-45,-209,,,,,,
-109999,34420,62,-49,-211,,,,,,
-107433,39214,61,-50,-208,,,,,,
-104733,44318,59,-52,-203,,,,,,
-102283,49328,57,-54,-200,,,,,,
-99983,54725,55,-57,-198,,,,,,
-96946,56653,53,-60,-196,,,,,,
-94719,61675,52,-61,-192,,,,,,
-91933,65748,50,-63,-187,,,,,,
-86810,73269,47,-65,-182,,,,,,
-86810,74156,45,-66,-178,,,,,,
-83983,82184,43,-72,-184,,,,,,
-81183,83212,40,-74,-182,,,,,,
-77861,91967,37,-78,-183,,,,,,
-71583,96871,35,-82,-185,,,,,,
-71583,98120,32,-82,-181,,,,,,
-69194,104586,30,-87,-185,,,,,,
-65527,107357,27,-90,-182,,,,,,
-63041,110545,24,-92,-182,,,,,,
-60291,110094,22,-93,-178,,,,,,
-57633,116506,19,-98,-180,,,,,,
-54233,120044,17,-100,-177,,,,,,
-50933,123522,15,-102,-173,,,,,,
-48265,125758,13,-102,-168,,,,,,
-45901,124739,11,-103,-161,,,,,,
-42283,127964,9,-103,-155,,,,,,
-39037,134636,8,-103,-148,,,,,,
-36492,136656,6,-103,-141,,,,,,
-33633,138044,4,-102,-132,,,,,,
-31033,140279,2,-103,-126,,,,,,
-27783,142241,0,-103,-121,,,,,,
-24683,144359,-2,-103,-114,,,,,,
-21810,145437,-4,-104,-111,,,,,,
-19472,147608,-7,-105,-108,,,,,,
-15805,149383,-9,-107,-108,,,,,,
-13041,148880,-11,-108,-106,,,,,,
-10916,151455,-13,-108,-103,,,,,,
-7883,151788,-15,-109,-98,,,,,,
-5433,150303,-16,-107,-93,,,,,,
-2750,150545,-18,-108,-88,,,,,,
-208,150979,-20,-107,-81,,,,,,
2138,150846,-22,-107,-75,,,,,,
5507,154212,-24,-107,-73,,,,,,
7280,152690,-26,-106,-71,,,,,,
10507,155191,-28,-108,-69,,,,,,
12643,153790,-29,-107,-63,,,,,,
15280,154986,-30,-106,-56,,,,,,
17189,155110,-31,-103,-48,,,,,,
19734,154082,-33,-102,-39,,,,,,
24250,153431,-34,-98,-25,,,,,,
26462,150836,-35,-94,-15,,,,,,
28689,150208,-37,-92,-7,,,,,,
30234,151126,-38,-92,-5,,,,,,
33053,148279,-39,-91,-1,,,,,,
34689,147553,-41,-89,1,,,,,,
37007,147828,-42,-90,2,,,,,,
38371,147357,-44,-91,0,,,,,,
42147,145344,-46,-91,-2,,,,,,
42147,142985,-48,-92,-2,,,,,,
45147,142287,-50,-93,-5,,,,,,
45147,139073,-52,-94,-6,,,,,,
48553,138748,-54,-95,-9,,,,,,
48553,134960,-58,-96,-12,,,,,,
51378,132506,-60,-96,-10,,,,,,
53262,131569,-61,-99,-13,,,,,,
55643,122272,-60,-86,13,,,,,,
56643,118956,-59,-80,27,,,,,,
62833,72639,-58,-33,102,,,,,,
61125,53731,-57,-22,107,,,,,,
59643,43452,-56,-16,109,,,,,,
59189,39867,-55,-13,111,,,,,,
58507,36329,-54,-9,116,,,,,,
57416,32411,-53,-6,120,,,,,,
56507,28323,-52,-2,124,,,,,,
55734,25113,-50,1,126,,,,,,
55032,21635,-49,4,129,,,,,,
54108,19472,-47,8,133,,,,,,
52224,14846,-46,11,135,,,,,,
52224,11206,-45,14,136,,,,,,
51070,8366,-43,16,137,,,,,,
50007,5962,-42,18,136,,,,,,
48098,1505,-41,21,138,,,,,,
48234,-3237,-40,23,137,,,,,,
45643,-5889,-39,24,133,,,,,,
44416,-10423,-38,25,130,,,,,,
43455,-12609,-36,27,128,,,,,,
42147,-15844,-35,29,127,,,,,,
40570,-18628,-33,32,128,,,,,,
39598,-21531,-31,34,129,,,,,,
38007,-24523,-29,38,131,,,,,,
36234,-28324,-27,41,135,,,,,,
34234,-32412,-26,43,135,,,,,,
32143,-35831,-24,46,136,,,,,,
30689,-38798,-23,47,133,,,,,,
29462,-40960,-21,49,131,,,,,,
27825,-43655,-20,49,127,,,,,,
25825,-46385,-19,51,125,,,,,,
24250,-49155,-17,52,122,,,,,,
22625,-50783,-16,52,117,,,,,,
21416,-53299,-15,53,115,,,,,,
19371,-55145,-13,54,112,,,,,,
17598,-58254,-11,56,110,,,,,,
15598,-60303,-9,58,110,,,,,,
14053,-62502,-7,61,112,,,,,,
12825,-64122,-5,63,114,,,,,,
10825,-63969,-3,65,114,,,,,,
9053,-68301,-1,67,114,,,,,,
7189,-68138,0,68,113,,,,,,
4750,-71125,2,68,109,,,,,,
3638,-72390,4,70,108,,,,,,
1750,-75518,5,72,106,,,,,,
-333,-77395,6,72,102,,,,,,
-1750,-78143,8,72,97,,,,,,
-2958,-79102,9,72,93,,,,,,
-4933,-78347,11,73,90,,,,,,
-6683,-79955,13,74,88,,,,,,
-8233,-82622,14,75,86,,,,,,
-10083,-81888,16,75,83,,,,,,
-11541,-83695,17,75,80,,,,,,
-12541,-83541,18,75,77,,,,,,
-13958,-82136,19,73,71,,,,,,
-16083,-84809,20,73,64,,,,,,
-17416,-84186,21,71,58,,,,,,
-20901,-86857,22,69,45,,,,,,
-21901,-86639,23,67,38,,,,,,
-23037,-85911,24,67,33,,,,,,
-24128,-85781,25,66,30,,,,,,
-25683,-84434,26,65,26,,,,,,
-28133,-83818,27,63,18,,,,,,
-29483,-85213,28,61,11,,,,,,
-31033,-84933,30,62,10,,,,,,
-31933,-83010,31,62,11,,,,,,
-33633,-82948,32,62,9,,,,,,
-33733,-81089,33,60,7,,,,,,
-34719,-82236,35,63,8,,,,,,
-36583,-80056,36,63,9,,,,,,
-36583,-79118,37,63,8,,,,,,
-37719,-76596,38,60,1,,,,,,
-40083,-71455,37,51,-18,,,,,,
-40933,-66846,38,44,-36,,,,,,
-43483,-59011,39,36,-47,,,,,,
-43483,-54574,38,32,-51,,,,,,
-44233,-51113,37,26,-60,,,,,,
-44233,-48932,36,23,-65,,,,,,
-44083,-47000,35,20,-71,,,,,,
-44483,-44284,34,15,-81,,,,,,
-40833,-19500,33,2,-72,,,,,,
-40083,-16051,32,0,-71,,,,,,
-38901,-12836,31,-1,-70,,,,,,
-38265,-9543,29,-4,-71,,,,,,
-38037,-7706,28,-7,-75,,,,,,
-37265,-6768,27,-10,-79,,,,,,
-37356,-4334,26,-12,-80,,,,,,
-36037,-2459,25,-14,-83,,,,,,
-35128,-572,24,-15,-82,,,,,,
-34233,1150,23,-17,-84,,,,,,
-34233,3201,22,-18,-83,,,,,,
-29083,14846,21,-15,-53,,,,,,
-27533,18749,20,-15,-47,,,,,,
-25333,22199,19,-15,-42,,,,,,
-24492,22142,18,-15,-42,,,,,,
-23583,23757,17,-16,-41,,,,,,
-22719,25951,15,-19,-46,,,,,,
-21901,26786,13,-22,-50,,,,,,
-21356,28787,12,-25,-57,,,,,,
-19472,29287,10,-26,-59,,,,,,
-18249,31995,9,-30,-65,,,,,,
-18249,33328,7,-34,-70,,,,,,
-16361,33955,6,-34,-71,,,,,,
-15527,37371,5,-37,-73,,,,,,
-14083,38430,4,-37,-72,,,,,,
-12958,39865,3,-38,-70,,,,,,
-11333,40812,2,-37,-61,,,,,,
-9708,42167,1,-36,-53,,,,,,
-7633,44258,0,-35,-45,,,,,,
-3375,47748,-1,-30,-25,,,,,,
-1958,47800,-2,-30,-20,,,,,,
-1125,47545,-3,-30,-20,,,,,,
416,48462,-4,-30,-18,,,,,,
1861,48789,-5,-30,-16,,,,,,
3250,49589,-6,-30,-14,,,,,,
5249,50440,-7,-30,-11,,,,,,
8053,51345,-8,-30,-9,,,,,,
8734,51610,-9,-30,-10,,,,,,
9189,51127,-10,-30,-8,,,,,,
10189,51171,-11,-30,-7,,,,,,
11825,50563,-12,-30,-6,,,,,,
12507,50797,-13,-31,-6,,,,,,
13643,49400,-14,-30,-3,,,,,,
14416,48820,-15,-30,-3,,,,,,
15189,48613,-16,-30,-4,,,,,,
16189,47647,-17,-31,-4,,,,,,
16734,47450,-18,-31,-3,,,,,,
18280,46220,-19,-31,-2,,,,,,
18507,43707,-20,-30,0,,,,,,
20916,37657,-21,-21,18,,,,,,
21500,31983,-20,-17,21,,,,,,
18280,9449,-19,-1,36,,,,,,
15962,2075,-18,1,32,,,,,,
15053,-1222,-17,1,28,,,,,,
12825,-5852,-16,1,21,,,,,,
11643,-8534,-15,2,20,,,,,,
10416,-10821,-14,4,23,,,,,,
10280,-12273,-13,4,23,,,,,,
9416,-12915,-12,7,26,,,,,,
8871,-14362,-10,9,30,,,,,,
8280,-15586,-8,13,38,,,,,,
7280,-16591,-6,18,48,,,,,,
7053,-17701,-5,21,56,,,,,,
6507,-17333,-3,22,59,,,,,,
5643,-18782,-2,26,66,,,,,,
4583,-21473,-1,29,69,,,,,,
3638,-22234,0,29,70,,,,,,
-1833,-28392,1,19,20,,,,,,
-3791,-29151,2,19,16,,,,,,
-4500,-29043,3,20,15,,,,,,
-4733,-28756,4,19,13,,,,,,
-5833,-29248,5,22,16,,,,,,
-6783,-30458,6,22,16,,,,,,
-7633,-30848,7,22,15,,,,,,
-8133,-29770,8,23,16,,,,,,
-8633,-30008,9,23,14,,,,,,
-9916,-30219,10,23,12,,,,,,
-9916,-30073,11,22,10,,,,,,
-10500,-29296,12,23,10,,,,,,
-12750,-26515,13,16,-9,,,,,,
-13541,-23874,12,13,-12,,,,,,
-13875,-21825,13,10,-19,,,,,,
-14083,-18394,12,7,-19,,,,,,
-13875,-15548,13,4,-25,,,,,,
-14083,-13974,12,2,-23,,,,,,
-14083,-13222,11,0,-27,,,,,,
-13958,-11936,10,-2,-29,,,,,,
-13041,-5242,9,-1,-12,,,,,,
-10916,1563,8,-1,-1,,,,,,
-10208,2882,7,-1,0,,,,,,
-8883,4754,6,-1,-1,,,,,,
-8883,5411,5,-2,-1,,,,,,
-8883,5668,4,-4,-4,,,,,,
-8733,5167,3,-5,-8,,,,,,
-7783,6926,2,-7,-11,,,,,,
-7383,7364,1,-8,-12,,,,,,
-3666,6460,0,0,0,,,,,,
65166,145950,-2,-2,-2,,,,,,
65166,160591,-5,-6,-10,,,,,,
72999,173749,-8,-12,-22,,,,,,
79955,185938,-13,-21,-43,,,,,,
86988,196690,-19,-33,-70,,,,,,
93570,206169,-25,-46,-99,,,,,,
99738,214343,-33,-62,-137,,,,,,
106023,221344,-42,-79,-172,,,,,,
111666,228005,-51,-99,-217,,,,,,
117185,232728,-62,-121,-267,,,,,,
122135,231447,-73,-143,-312,,,,,,
126809,239211,-84,-166,-357,,,,,,
131622,240481,-94,-186,-402,,,,,,
135063,237296,-104,-207,-440,,,,,,
139583,238093,-112,-222,-467,,,,,,
142916,238090,-119,-235,-483,,,,,,
146572,239930,-123,-241,-487,,,,,,
149760,238999,-125,-243,-462,,,,,,
154197,234959,-124,-235,-443,,,,,,
156104,234391,-122,-224,-398,,,,,,
158854,235862,-118,-210,-347,,,,,,
161666,230024,-114,-186,-260,,,,,,
164388,224557,-112,-171,-208,,,,,,
166708,223969,-110,-159,-160,,,,,,
171812,217693,-111,-138,-86,,,,,,
172937,212345,-113,-135,-68,,,,,,
174562,208088,-115,-133,-59,,,,,,
175946,203571,-117,-132,-52,,,,,,
177651,198695,-119,-131,-48,,,,,,
178887,193638,-122,-131,-43,,,,,,
180034,188670,-124,-131,-41,,,,,,
181232,182868,-126,-129,-37,,,,,,
181942,177388,-127,-129,-35,,,,,,
182258,170933,-128,-127,-28,,,,,,
182969,165039,-129,-124,-19,,,,,,
183416,152043,-130,-116,2,,,,,,
181364,118720,-129,-91,59,,,,,,
180600,111591,-126,-83,77,,,,,,
179975,104828,-122,-71,102,,,,,,
178887,96888,-118,-58,130,,,,,,
178299,89730,-114,-44,161,,,,,,
177240,85431,-110,-36,190,,,,,,
175710,77761,-107,-23,217,,,,,,
174625,70826,-105,-12,232,,,,,,
173541,62913,-104,-3,246,,,,,,
166708,35029,-105,0,216,,,,,,
162138,20600,-104,0,195,,,,,,
160444,13771,-103,1,189,,,,,,
157947,10634,-101,2,185,,,,,,
155572,3081,-98,9,189,,,,,,
152885,-3910,-94,16,196,,,,,,
150541,-13374,-90,25,210,,,,,,
147697,-19617,-86,34,225,,,,,,
144857,-26693,-82,43,239,,,,,,
142269,-32907,-78,51,251,,,,,,
139349,-35986,-75,58,259,,,,,,
135983,-46402,-72,65,268,,,,,,
133210,-52993,-71,68,267,,,,,,
130534,-58723,-69,70,263,,,,,,
126988,-64532,-68,70,253,,,,,,
120916,-75475,-67,68,227,,,,,,
114354,-86733,-66,64,195,,,,,,
105301,-94522,-60,62,158,,,,,,
101455,-103576,-56,68,163,,,,,,
98166,-107707,-51,80,184,,,,,,
94032,-117874,-46,87,199,,,,,,
90202,-119548,-42,91,204,,,,,,
87059,-127655,-37,105,230,,,,,,
83666,-127416,-33,112,240,,,,,,
79493,-132702,-29,119,248,,,,,,
76032,-142137,-26,123,251,,,,,,
71583,-142469,-23,127,250,,,,,,
67833,-150835,-20,129,246,,,,,,
64375,-154360,-18,130,239,,,,,,
60416,-158733,-16,130,229,,,,,,
56053,-158953,-15,127,215,,,,,,
52685,-162229,-13,127,201,,,,,,
49234,-164511,-12,124,185,,,,,,
45339,-171805,-10,123,169,,,,,,
41570,-170767,-8,122,158,,,,,,
37371,-178050,-5,123,150,,,,,,
33916,-182143,-2,124,147,,,,,,
29280,-180496,1,127,146,,,,,,
26371,-182570,6,125,140,,,,,,
22416,-184058,10,131,146,,,,,,
18598,-190610,15,143,165,,,,,,
15189,-188371,20,143,166,,,,,,
8053,-193842,25,156,184,,,,,,
8053,-191821,29,162,195,,,,,,
4472,-192582,32,162,193,,,,,,
-208,-198977,36,167,194,,,,,,
-3375,-197165,38,165,186,,,,,,
-6783,-197125,41,168,180,,,,,,
-9708,-197254,42,165,169,,,,,,
-12958,-197080,44,163,153,,,,,,
-16472,-201668,45,159,138,,,,,,
-19901,-201602,46,156,121,,,,,,
-22810,-198267,47,150,102,,,,,,
-25683,-200008,48,146,84,,,,,,
-28483,-196440,50,143,70,,,,,,
-31783,-196025,51,140,56,,,,,,
-34946,-196624,53,136,47,,,,,,
-37265,-195031,55,134,37,,,,,,
-40183,-193879,57,134,32,,,,,,
-42983,-196342,60,136,32,,,,,,
-45901,-192565,62,133,29,,,,,,
-47901,-192653,64,135,27,,,,,,
-49933,-189457,66,134,23,,,,,,
-52033,-185171,68,133,19,,,,,,
-54933,-186136,69,131,14,,,,,,
-57383,-184802,70,129,7,,,,,,
-59483,-181581,71,125,-2,,,,,,
-60625,-178382,72,122,-11,,,,,,
-64083,-171446,73,114,-30,,,,,,
-67694,-166529,74,106,-49,,,,,,
-71492,-155607,75,94,-73,,,,,,
-73265,-147999,76,88,-83,,,,,,
-79583,-115738,77,60,-122,,,,,,
-80233,-107170,76,54,-124,,,,,,
-80233,-103002,75,49,-129,,,,,,
-79583,-98243,74,44,-138,,,,,,
-79833,-93578,73,39,-146,,,,,,
-80083,-90364,71,33,-153,,,,,,
-78916,-79241,70,23,-167,,,,,,
-78361,-74218,69,20,-169,,,,,,
-77305,-65374,68,14,-171,,,,,,
-77027,-60804,67,11,-170,,,,,,
-76638,-55751,66,7,-172,,,,,,
-75138,-50713,65,3,-175,,,,,,
-74265,-45388,63,0,-176,,,,,,
-72583,-41502,62,-4,-179,,,,,,
-72583,-36968,61,-7,-178,,,,,,
-71583,-33070,59,-10,-179,,,,,,
-70946,-28380,58,-13,-180,,,,,,
-69472,-23903,56,-17,-182,,,,,,
-68250,-19334,55,-19,-181,,,,,,
-67416,-17007,53,-23,-180,,,,,,
-65138,-10275,51,-26,-181,,,,,,
-64291,-5078,50,-29,-181,,,,,,
-62833,-1969,48,-32,-182,,,,,,
-61625,2090,47,-33,-178,,,,,,
-60416,5583,46,-36,-176,,,,,,
-58983,9407,44,-37,-171,,,,,,
-57383,12983,43,-39,-168,,,,,,
-56183,14722,42,-39,-163,,,,,,
-53983,19179,41,-41,-159,,,,,,
-52383,26079,39,-42,-152,,,,,,
-50183,29537,38,-43,-149,,,,,,
-48719,33351,37,-45,-147,,,,,,
-47265,34105,35,-46,-144,,,,,,
-44719,40284,33,-48,-140,,,,,,
-43383,44396,31,-51,-141,,,,,,
-41183,45059,29,-54,-143,,,,,,
-39265,50783,26,-57,-144,,,,,,
-35719,53491,24,-61,-148,,,,,,
-35719,54240,21,-62,-147,,,,,,
-33633,60034,19,-68,-155,,,,,,
-29733,63144,16,-73,-159,,,,,,
-29733,65699,14,-76,-163,,,,,,
-28133,65585,12,-79,-161,,,,,,
-26183,70182,11,-79,-158,,,,,,
-23810,72706,9,-80,-152,,,,,,
-22037,75361,8,-79,-144,,,,,,
-18361,76777,7,-76,-125,,,,,,
-13541,82339,6,-71,-98,,,,,,
-11708,85280,5,-69,-88,,,,,,
-10625,87021,4,-69,-81,,,,,,
-8133,88643,2,-69,-77,,,,,,
-5833,90899,0,-70,-74,,,,,,
-4083,91631,-1,-71,-74,,,,,,
-2458,92455,-3,-72,-73,,,,,,
-625,93221,-5,-72,-70,,,,,,
1194,94504,-7,-74,-70,,,,,,
3361,96536,-9,-76,-72,,,,,,
7871,98315,-11,-78,-75,,,,,,
7871,97894,-12,-77,-74,,,,,,
9280,99487,-14,-79,-71,,,,,,
10962,100071,-15,-79,-70,,,,,,
12643,100999,-17,-80,-67,,,,,,
14598,101129,-18,-79,-63,,,,,,
16280,101082,-20,-79,-63,,,,,,
18280,101384,-21,-80,-58,,,,,,
19598,102105,-22,-79,-57,,,,,,
21208,102144,-23,-79,-53,,,,,,
24041,101353,-24,-75,-39,,,,,,
27280,101437,-25,-71,-23,,,,,,
30462,100670,-26,-66,-8,,,,,,
33234,98107,-27,-62,3,,,,,,
34689,98896,-28,-61,5,,,,,,
35689,96697,-29,-60,9,,,,,,
37234,96168,-30,-60,7,,,,,,
38598,96803,-31,-60,7,,,,,,
39598,95860,-33,-61,5,,,,,,
41955,94731,-34,-61,3,,,,,,
42916,93736,-36,-63,0,,,,,,
42916,91604,-37,-62,-1,,,,,,
43570,90286,-39,-64,-2,,,,,,
45070,88316,-41,-65,-5,,,,,,
45070,86890,-42,-67,-8,,,,,,
46098,85593,-43,-67,-10,,,,,,
47007,84351,-44,-66,-7,,,,,,
47871,82790,-45,-66,-6,,,,,,
49780,77466,-44,-58,11,,,,,,
50916,68169,-45,-46,40,,,,,,
51378,60794,-44,-40,47,,,,,,
51762,56258,-43,-33,59,,,,,,
49325,31168,-42,-15,75,,,,,,
47098,20982,-41,-9,77,,,,,,
45643,14576,-40,-4,80,,,,,,
45070,12287,-39,-2,83,,,,,,
43916,9714,-38,0,86,,,,,,
43378,7052,-37,3,89,,,,,,
42147,5285,-36,5,91,,,,,,
42147,2935,-34,8,92,,,,,,
41301,773,-32,12,98,,,,,,
40570,-381,-31,14,100,,,,,,
37825,-5139,-30,17,104,,,,,,
37825,-7453,-28,20,106,,,,,,
37462,-9699,-27,22,108,,,,,,
36234,-11704,-26,24,108,,,,,,
33234,-17475,-25,25,103,,,,,,
32371,-20340,-24,25,99,,,,,,
31371,-22219,-23,26,95,,,,,,
28689,-27393,-22,26,88,,,,,,
27598,-28126,-21,25,82,,,,,,
26371,-30107,-20,26,79,,,,,,
23958,-33338,-19,28,79,,,,,,
23958,-35174,-17,30,80,,,,,,
21500,-37306,-16,32,81,,,,,,
20371,-38943,-15,34,83,,,,,,
20371,-40571,-13,35,82,,,,,,
18962,-41472,-11,38,82,,,,,,
16416,-45045,-9,40,84,,,,,,
14962,-48199,-7,43,86,,,,,,
13734,-49072,-6,44,86,,,,,,
12280,-49896,-4,46,85,,,,,,
11416,-49818,-2,48,88,,,,,,
9507,-54002,0,52,92,,,,,,
6734,-57791,2,52,84,,,,,,
3805,-58931,3,51,78,,,,,,
2138,-62145,4,52,73,,,,,,
638,-62593,5,51,70,,,,,,
-416,-62175,6,51,65,,,,,,
-1250,-63415,7,51,63,,,,,,
-2541,-62340,8,51,60,,,,,,
-3875,-63209,9,51,56,,,,,,
-5083,-65128,10,51,53,,,,,,
-6433,-65436,11,51,50,,,,,,
-7383,-65799,12,51,48,,,,,,
-8483,-66643,13,51,45,,,,,,
-10500,-66276,14,50,42,,,,,,
-11208,-66698,15,51,41,,,,,,
-12125,-65919,16,51,38,,,,,,
-13875,-66197,17,49,30,,,,,,
-14972,-64957,18,49,28,,,,,,
-16361,-65593,19,48,24,,,,,,
-17027,-66240,20,49,23,,,,,,
-18083,-64812,21,48,21,,,,,,
-19719,-65905,22,49,21,,,,,,
-20492,-65903,23,48,19,,,,,,
-21492,-65390,24,49,18,,,,,,
-23674,-63957,25,45,7,,,,,,
-25183,-62293,26,43,-1,,,,,,
-27133,-60293,27,39,-8,,,,,,
-27983,-58019,28,38,-11,,,,,,
-29333,-55531,29,37,-13,,,,,,
-30183,-48317,28,29,-24,,,,,,
-30183,-47286,27,26,-30,,,,,,
-30583,-46870,26,22,-39,,,,,,
-31533,-45554,25,18,-49,,,,,,
-31183,-44671,24,14,-56,,,,,,
-29733,-17071,23,-1,-46,,,,,,
-29483,-14118,22,-3,-45,,,,,,
-28633,-9939,21,-3,-41,,,,,,
-26283,-2454,20,-3,-31,,,,,,
-25433,-123,19,-3,-27,,,,,,
-24037,4037,18,-4,-25,,,,,,
-22265,6725,17,-6,-26,,,,,,
-21719,9178,16,-7,-25,,,,,,
-21128,9423,15,-7,-26,,,,,,
-21128,10908,14,-10,-29,,,,,,
-20128,11976,13,-11,-32,,,,,,
-19194,13501,12,-13,-35,,,,,,
-18916,15403,11,-15,-38,,,,,,
-17138,16021,10,-16,-40,,,,,,
-17138,17919,9,-18,-43,,,,,,
-15638,20522,8,-19,-41,,,,,,
-12125,24872,7,-14,-17,,,,,,
-10708,26291,6,-15,-16,,,,,,
-9583,26026,4,-16,-15,,,,,,
-7783,29350,2,-19,-21,,,,,,
-6433,29807,1,-20,-21,,,,,,
-6433,30241,0,-22,-28,,,,,,
-5083,31111,-1,-24,-32,,,,,,
-4291,31412,-2,-23,-29,,,,,,
-3249,32652,-3,-24,-26,,,,,,
-1333,32886,-4,-21,-13,,,,,,
2805,33572,-5,-17,0,,,,,,
4472,34158,-6,-15,5,,,,,,
6643,34407,-7,-15,2,,,,,,
7416,33753,-8,-16,0,,,,,,
8507,32500,-9,-15,0,,,,,,
9280,31189,-10,-16,-1,,,,,,
9962,29843,-11,-15,0,,,,,,
10825,28674,-12,-16,-1,,,,,,
11507,25629,-13,-14,3,,,,,,
11825,22489,-12,-11,6,,,,,,
9053,3203,-11,1,13,,,,,,
6734,-3144,-10,1,6,,,,,,
5962,-4993,-9,1,3,,,,,,
5027,-7073,-8,1,3,,,,,,
3361,-9251,-7,1,1,,,,,,
2972,-10583,-6,2,2,,,,,,
2972,-10581,-5,4,6,,,,,,
2583,-11198,-4,6,11,,,,,,
2138,-11378,-3,8,16,,,,,,
1083,-13516,-2,10,21,,,,,,
638,-14224,-1,12,24,,,,,,
805,-14454,0,14,28,,,,,,
-208,-15138,1,14,26,,,,,,
-916,-15727,2,14,21,,,,,,
-2458,-15897,3,13,13,,,,,,
-3958,-16412,4,12,7,,,,,,
-4500,-15631,5,10,0,,,,,,
-5683,-15009,6,8,-3,,,,,,
-6283,-13842,5,6,-4,,,,,,
-6283,-13086,6,4,-9,,,,,,
-6433,-8592,7,1,-10,,,,,,
-6533,-8010,6,0,-9,,,,,,
-6283,-6871,5,-2,-12,,,,,,
-6283,-5829,4,-3,-14,,,,,,
-5683,-1829,3,-1,-1,,,,,,
-5933,-71,2,-1,-1,,,,,,
-5933,-107,1,-2,-2,,,,,,
-5933,46,0,-3,-5,,,,,,
-6033,224,-1,-6,-12,,,,,,
-5933,-462,-2,-7,-12,,,,,,
-6183,-314,-3,-9,-15,,,,,,
-6533,-1218,-2,1,6,,,,,,
-6683,-1105,-1,1,1,,,,,,
-6033,34,0,1,1,,,,,,
-6883,-1190,1,1,1,,,,,,
-6683,-460,2,2,3,,,,,,
-6183,238,3,2,0,,,,,,
-6283,-78,2,0,-2,,,,,,
-6533,-399,3,0,-3,,,,,,
-6683,256,2,0,0,,,,,,
